-- phpMyAdmin SQL Dump
-- version 5.2.1
-- https://www.phpmyadmin.net/
--
-- Host: 127.0.0.1
-- Generation Time: Oct 07, 2024 at 08:09 AM
-- Server version: 10.4.28-MariaDB
-- PHP Version: 8.2.4

SET SQL_MODE = "NO_AUTO_VALUE_ON_ZERO";
START TRANSACTION;
SET time_zone = "+00:00";


/*!40101 SET @OLD_CHARACTER_SET_CLIENT=@@CHARACTER_SET_CLIENT */;
/*!40101 SET @OLD_CHARACTER_SET_RESULTS=@@CHARACTER_SET_RESULTS */;
/*!40101 SET @OLD_COLLATION_CONNECTION=@@COLLATION_CONNECTION */;
/*!40101 SET NAMES utf8mb4 */;

--
-- Database: `workmate`
--

-- --------------------------------------------------------

--
-- Table structure for table `activity`
--

CREATE TABLE `activity` (
  `id` int(11) NOT NULL,
  `date` varchar(255) DEFAULT NULL,
  `title` varchar(255) DEFAULT NULL,
  `user_id` int(11) DEFAULT NULL,
  `goal_id` int(11) DEFAULT NULL,
  `competencies_id` int(11) DEFAULT NULL,
  `responsibilities_id` int(11) DEFAULT NULL,
  `developments_id` int(11) DEFAULT NULL,
  `is_admin` int(11) DEFAULT 0,
  `time` varchar(255) DEFAULT NULL,
  `created_at` datetime DEFAULT NULL,
  `updated_at` datetime DEFAULT NULL
) ENGINE=InnoDB DEFAULT CHARSET=utf8mb4 COLLATE=utf8mb4_general_ci;

--
-- Dumping data for table `activity`
--

INSERT INTO `activity` (`id`, `date`, `title`, `user_id`, `goal_id`, `competencies_id`, `responsibilities_id`, `developments_id`, `is_admin`, `time`, `created_at`, `updated_at`) VALUES
(1, '2024-08-08', 'created this entry', 4, 1, NULL, NULL, NULL, 0, NULL, '2024-08-08 10:55:14', '2024-08-08 10:55:14'),
(2, '2024-08-08', 'update this entry', 4, 1, NULL, NULL, NULL, 0, '1723114478', '2024-08-08 10:56:47', '2024-08-08 10:56:50'),
(3, '2024-08-08', 'created this entry', 4, NULL, 1, NULL, NULL, 0, NULL, '2024-08-08 10:59:56', '2024-08-08 10:59:56'),
(4, '2024-08-08', 'update this entry', 16, NULL, NULL, 1, NULL, 0, '1723114897', '2024-08-08 11:04:03', '2024-08-08 11:04:24'),
(5, '2024-08-08', 'update this entry', 16, NULL, NULL, NULL, NULL, 0, NULL, '2024-08-08 11:04:20', '2024-08-08 11:04:20'),
(6, '2024-08-08', 'created this entry', 16, NULL, NULL, 1, NULL, 0, NULL, '2024-08-08 11:04:24', '2024-08-08 11:04:24'),
(7, '2024-08-08', 'created this entry', 4, NULL, NULL, NULL, 1, 0, NULL, '2024-08-08 11:05:08', '2024-08-08 11:05:08'),
(8, '2024-08-11', 'update this entry', 16, 2, NULL, NULL, NULL, 0, '1723358435', '2024-08-11 06:41:59', '2024-08-11 06:42:03'),
(9, '2024-08-11', 'created this entry', 16, 2, NULL, NULL, NULL, 0, NULL, '2024-08-11 06:42:03', '2024-08-11 06:42:03'),
(10, '2024-08-11', 'update this entry', 16, 3, NULL, NULL, NULL, 0, '1723358528', '2024-08-11 06:45:45', '2024-08-11 06:46:20'),
(11, '2024-08-11', 'update this entry', 16, 3, NULL, NULL, NULL, 0, '1723358528', '2024-08-11 06:46:17', '2024-08-11 06:46:20'),
(12, '2024-08-11', 'created this entry', 16, 3, NULL, NULL, NULL, 0, NULL, '2024-08-11 06:46:20', '2024-08-11 06:46:20'),
(13, '2024-08-11', 'update this entry', 16, 3, NULL, NULL, NULL, 0, NULL, '2024-08-11 06:46:40', '2024-08-11 06:46:40'),
(14, '2024-08-11', 'update this entry', 16, 3, NULL, NULL, NULL, 0, NULL, '2024-08-11 06:46:50', '2024-08-11 06:46:50'),
(15, '2024-08-11', 'update this entry', 16, 3, NULL, NULL, NULL, 0, NULL, '2024-08-11 06:47:02', '2024-08-11 06:47:02'),
(16, '2024-08-21', 'update this entry', 19, 4, NULL, NULL, NULL, 0, '1724231354', '2024-08-21 09:11:21', '2024-08-21 09:11:24'),
(17, '2024-08-21', 'created this entry', 19, 4, NULL, NULL, NULL, 0, NULL, '2024-08-21 09:11:24', '2024-08-21 09:11:24'),
(18, '2024-08-21', 'update this entry', 19, 5, NULL, NULL, NULL, 0, '1724231488', '2024-08-21 09:13:02', '2024-08-21 09:13:21'),
(19, '2024-08-21', 'created this entry', 19, 5, NULL, NULL, NULL, 0, NULL, '2024-08-21 09:13:21', '2024-08-21 09:13:21'),
(20, '2024-08-21', 'update this entry', 19, 6, NULL, NULL, NULL, 0, '1724231606', '2024-08-21 09:14:28', '2024-08-21 09:14:30'),
(21, '2024-08-21', 'created this entry', 19, 6, NULL, NULL, NULL, 0, NULL, '2024-08-21 09:14:30', '2024-08-21 09:14:30'),
(22, '2024-08-23', 'created this entry', 1, 7, NULL, NULL, NULL, 1, NULL, '2024-08-23 05:16:57', '2024-08-23 05:16:57'),
(23, '2024-08-23', 'update this entry', 1, 7, NULL, NULL, NULL, 1, '1724390190', '2024-08-23 05:18:01', '2024-08-23 05:18:04'),
(24, '2024-08-23', 'update this entry', 1, 8, NULL, NULL, NULL, 0, '1724390729', '2024-08-23 05:25:53', '2024-08-23 05:25:55'),
(25, '2024-08-23', 'created this entry', 1, 8, NULL, NULL, NULL, 0, NULL, '2024-08-23 05:25:55', '2024-08-23 05:25:55'),
(26, '2024-08-23', 'update this entry', 1, NULL, 2, NULL, NULL, 1, '1724395818', '2024-08-23 06:50:52', '2024-08-23 06:50:54'),
(27, '2024-08-23', 'created this entry', 1, NULL, 2, NULL, NULL, 1, NULL, '2024-08-23 06:50:54', '2024-08-23 06:50:54'),
(28, '2024-09-03', 'update this entry', 1, 9, NULL, NULL, NULL, 0, '1725345802', '2024-09-03 06:44:03', '2024-09-03 06:44:06'),
(29, '2024-09-03', 'created this entry', 1, 9, NULL, NULL, NULL, 0, NULL, '2024-09-03 06:44:06', '2024-09-03 06:44:06'),
(30, '2024-09-03', 'update this entry', 1, NULL, NULL, 2, NULL, 0, '1725346333', '2024-09-03 06:52:37', '2024-09-03 06:52:39'),
(31, '2024-09-03', 'created this entry', 1, NULL, NULL, 2, NULL, 0, NULL, '2024-09-03 06:52:39', '2024-09-03 06:52:39'),
(32, '2024-09-03', 'update this entry', 1, NULL, NULL, 3, NULL, 0, '1725346367', '2024-09-03 06:53:08', '2024-09-03 06:53:10'),
(33, '2024-09-03', 'created this entry', 1, NULL, NULL, 3, NULL, 0, NULL, '2024-09-03 06:53:10', '2024-09-03 06:53:10'),
(34, '2024-09-10', 'update this entry', 1, 10, NULL, NULL, NULL, 1, '1725990083', '2024-09-10 17:42:53', '2024-09-10 17:43:01'),
(35, '2024-09-10', 'created this entry', 1, 10, NULL, NULL, NULL, 1, NULL, '2024-09-10 17:43:01', '2024-09-10 17:43:01'),
(36, '2024-09-17', 'created this entry', 1, 11, NULL, NULL, NULL, 1, NULL, '2024-09-17 11:26:12', '2024-09-17 11:26:12'),
(37, '2024-09-17', 'update this entry', 1, 11, NULL, NULL, NULL, 1, '1726571998', '2024-09-17 11:27:11', '2024-09-17 11:36:22'),
(38, '2024-09-17', 'update this entry', 1, NULL, NULL, NULL, NULL, 1, NULL, '2024-09-17 11:27:22', '2024-09-17 11:27:22'),
(39, '2024-09-17', 'update this entry', 1, 11, NULL, NULL, NULL, 1, '1726571998', '2024-09-17 11:28:07', '2024-09-17 11:36:22'),
(40, '2024-09-17', 'created this entry', 1, 12, NULL, NULL, NULL, 1, NULL, '2024-09-17 11:29:02', '2024-09-17 11:29:02'),
(41, '2024-09-17', 'update this entry', 1, 11, NULL, NULL, NULL, 1, '1726571998', '2024-09-17 11:36:15', '2024-09-17 11:36:22'),
(42, '2024-09-17', 'update this entry', 1, 11, NULL, NULL, NULL, 1, NULL, '2024-09-17 11:36:49', '2024-09-17 11:36:49'),
(43, '2024-09-17', 'created this entry', 1, NULL, 3, NULL, NULL, 1, NULL, '2024-09-17 11:38:44', '2024-09-17 11:38:44'),
(44, '2024-09-17', 'created this entry', 1, NULL, 4, NULL, NULL, 1, NULL, '2024-09-17 11:43:45', '2024-09-17 11:43:45'),
(45, '2024-09-17', 'update this entry', 1, NULL, 3, NULL, NULL, 1, '1726573057', '2024-09-17 11:44:26', '2024-09-17 11:44:29'),
(46, '2024-09-17', 'update this entry', 1, NULL, NULL, 4, NULL, 1, '1726574704', '2024-09-17 12:06:26', '2024-09-17 12:06:48'),
(47, '2024-09-17', 'created this entry', 1, NULL, NULL, 4, NULL, 1, NULL, '2024-09-17 12:06:48', '2024-09-17 12:06:48'),
(48, '2024-09-17', 'created this entry', 1, NULL, NULL, NULL, 2, 1, NULL, '2024-09-17 12:07:30', '2024-09-17 12:07:30'),
(49, '2024-09-17', 'update this entry', 1, 11, NULL, NULL, NULL, 1, '1726571998', '2024-09-17 12:09:44', '2024-09-17 12:10:19'),
(50, '2024-09-21', 'update this entry', 1, 2, NULL, NULL, NULL, 1, NULL, '2024-09-21 11:56:48', '2024-09-21 11:56:48'),
(51, '2024-09-21', 'update this entry', 1, 6, NULL, NULL, NULL, 1, NULL, '2024-09-21 11:57:28', '2024-09-21 11:57:28'),
(52, '2024-09-21', 'update this entry', 1, 6, NULL, NULL, NULL, 1, NULL, '2024-09-21 11:57:44', '2024-09-21 11:57:44'),
(53, '2024-09-21', 'update this entry', 1, 7, NULL, NULL, NULL, 1, NULL, '2024-09-21 11:58:06', '2024-09-21 11:58:06'),
(54, '2024-09-21', 'update this entry', 1, 7, NULL, NULL, NULL, 1, NULL, '2024-09-21 11:58:23', '2024-09-21 11:58:23'),
(55, '2024-09-21', 'update this entry', 1, 7, NULL, NULL, NULL, 1, '1724390190', '2024-09-21 11:59:08', '2024-09-21 11:59:10'),
(56, '2024-09-21', 'update this entry', 23, 13, NULL, NULL, NULL, 0, '1726940744', '2024-09-21 17:46:40', '2024-09-21 17:46:45'),
(57, '2024-09-21', 'created this entry', 23, 13, NULL, NULL, NULL, 0, NULL, '2024-09-21 17:46:45', '2024-09-21 17:46:45'),
(58, '2024-09-21', 'update this entry', 23, 14, NULL, NULL, NULL, 0, '1726940830', '2024-09-21 17:47:51', '2024-09-21 17:47:55'),
(59, '2024-09-21', 'created this entry', 23, 14, NULL, NULL, NULL, 0, NULL, '2024-09-21 17:47:55', '2024-09-21 17:47:55'),
(60, '2024-09-21', 'update this entry', 23, 15, NULL, NULL, NULL, 0, '1726940988', '2024-09-21 17:54:33', '2024-09-21 17:55:01'),
(61, '2024-09-21', 'created this entry', 23, 15, NULL, NULL, NULL, 0, NULL, '2024-09-21 17:55:01', '2024-09-21 17:55:01'),
(62, '2024-09-22', 'update this entry', 23, 16, NULL, NULL, NULL, 0, '1727010196', '2024-09-22 13:04:28', '2024-09-22 13:04:32'),
(63, '2024-09-22', 'created this entry', 23, 16, NULL, NULL, NULL, 0, NULL, '2024-09-22 13:04:32', '2024-09-22 13:04:32'),
(64, '2024-09-23', 'update this entry', 23, 14, NULL, NULL, NULL, 0, NULL, '2024-09-23 07:14:15', '2024-09-23 07:14:15'),
(65, '2024-09-24', 'update this entry', 1, NULL, NULL, NULL, NULL, 1, '1727181379', '2024-09-24 12:36:32', '2024-09-24 12:36:32'),
(66, '2024-10-04', 'update this entry', 1, 17, NULL, NULL, NULL, 1, '1728035641', '2024-10-04 09:54:46', '2024-10-04 09:55:03'),
(67, '2024-10-04', 'created this entry', 1, 17, NULL, NULL, NULL, 1, NULL, '2024-10-04 09:55:03', '2024-10-04 09:55:03'),
(68, '2024-10-04', 'update this entry', 1, 8, NULL, NULL, NULL, 1, NULL, '2024-10-04 09:56:33', '2024-10-04 09:56:33'),
(69, '2024-10-05', 'update this entry', 1, 4, NULL, NULL, NULL, 1, '1724231354', '2024-10-05 06:38:30', '2024-10-05 07:02:32'),
(70, '2024-10-05', 'update this entry', 1, NULL, NULL, NULL, NULL, 1, NULL, '2024-10-05 06:39:06', '2024-10-05 06:39:06'),
(71, '2024-10-05', 'update this entry', 1, 4, NULL, NULL, NULL, 1, NULL, '2024-10-05 06:42:16', '2024-10-05 06:42:16'),
(72, '2024-10-05', 'update this entry', 1, NULL, NULL, NULL, NULL, 1, NULL, '2024-10-05 06:52:38', '2024-10-05 06:52:38'),
(73, '2024-10-05', 'update this entry', 1, 4, NULL, NULL, NULL, 1, NULL, '2024-10-05 06:58:52', '2024-10-05 06:58:52'),
(74, '2024-10-05', 'update this entry', 1, 4, NULL, NULL, NULL, 1, NULL, '2024-10-05 07:02:32', '2024-10-05 07:02:32'),
(75, '2024-10-05', 'update this entry', 1, NULL, NULL, NULL, NULL, 1, '1728112404', '2024-10-05 07:17:13', '2024-10-05 07:17:13'),
(76, '2024-10-05', 'update this entry', 1, NULL, NULL, NULL, NULL, 1, NULL, '2024-10-05 07:17:55', '2024-10-05 07:17:55'),
(77, '2024-10-05', 'update this entry', 1, 4, NULL, NULL, NULL, 1, NULL, '2024-10-05 07:18:14', '2024-10-05 07:18:14'),
(78, '2024-10-05', 'update this entry', 1, 4, NULL, NULL, NULL, 1, '1724231354', '2024-10-05 07:18:43', '2024-10-05 07:49:10'),
(79, '2024-10-05', 'update this entry', 1, NULL, NULL, NULL, NULL, 1, '1728112816', '2024-10-05 07:20:33', '2024-10-05 07:20:33'),
(80, '2024-10-05', 'update this entry', 1, NULL, NULL, NULL, NULL, 1, NULL, '2024-10-05 07:24:24', '2024-10-05 07:24:24'),
(81, '2024-10-05', 'update this entry', 1, 4, NULL, NULL, NULL, 1, NULL, '2024-10-05 07:28:20', '2024-10-05 07:28:20'),
(82, '2024-10-05', 'update this entry', 1, NULL, NULL, NULL, NULL, 1, NULL, '2024-10-05 07:28:25', '2024-10-05 07:28:25'),
(83, '2024-10-05', 'update this entry', 1, NULL, NULL, NULL, NULL, 1, NULL, '2024-10-05 07:28:59', '2024-10-05 07:28:59'),
(84, '2024-10-05', 'update this entry', 1, NULL, NULL, NULL, NULL, 1, NULL, '2024-10-05 07:29:16', '2024-10-05 07:29:16'),
(85, '2024-10-05', 'update this entry', 1, 4, NULL, NULL, NULL, 1, NULL, '2024-10-05 07:29:35', '2024-10-05 07:29:35'),
(86, '2024-10-05', 'update this entry', 1, 4, NULL, NULL, NULL, 1, NULL, '2024-10-05 07:30:06', '2024-10-05 07:30:06'),
(87, '2024-10-05', 'update this entry', 1, 4, NULL, NULL, NULL, 1, NULL, '2024-10-05 07:30:26', '2024-10-05 07:30:26'),
(88, '2024-10-05', 'update this entry', 1, NULL, 5, NULL, NULL, 1, '1728114842', '2024-10-05 07:54:39', '2024-10-05 07:55:30'),
(89, '2024-10-05', 'update this entry', 1, NULL, NULL, NULL, NULL, 1, NULL, '2024-10-05 07:54:56', '2024-10-05 07:54:56'),
(90, '2024-10-05', 'update this entry', 1, NULL, NULL, NULL, NULL, 1, NULL, '2024-10-05 07:55:04', '2024-10-05 07:55:04'),
(91, '2024-10-05', 'update this entry', 1, NULL, NULL, NULL, NULL, 1, NULL, '2024-10-05 07:55:12', '2024-10-05 07:55:12'),
(92, '2024-10-05', 'created this entry', 1, NULL, 5, NULL, NULL, 1, NULL, '2024-10-05 07:55:30', '2024-10-05 07:55:30'),
(93, '2024-10-05', 'update this entry', 1, NULL, 5, NULL, NULL, 1, '1728114842', '2024-10-05 07:56:08', '2024-10-05 07:56:10'),
(94, '2024-10-05', 'update this entry', 1, NULL, NULL, 2, NULL, 1, NULL, '2024-10-05 08:02:53', '2024-10-05 08:02:53'),
(95, '2024-10-05', 'update this entry', 1, NULL, NULL, 2, NULL, 1, NULL, '2024-10-05 08:03:15', '2024-10-05 08:03:15'),
(96, '2024-10-05', 'update this entry', 1, NULL, NULL, 4, NULL, 1, NULL, '2024-10-05 08:05:17', '2024-10-05 08:05:17'),
(97, '2024-10-05', 'update this entry', 1, NULL, NULL, 4, NULL, 1, NULL, '2024-10-05 08:05:38', '2024-10-05 08:05:38'),
(98, '2024-10-05', 'update this entry', 1, NULL, NULL, NULL, 2, 1, '1726574814', '2024-10-05 08:09:47', '2024-10-05 08:09:53'),
(99, '2024-10-05', 'update this entry', 1, 9, NULL, NULL, NULL, 1, NULL, '2024-10-05 08:13:55', '2024-10-05 08:13:55'),
(100, '2024-10-05', 'update this entry', 1, 9, NULL, NULL, NULL, 1, NULL, '2024-10-05 08:15:57', '2024-10-05 08:15:57');

-- --------------------------------------------------------

--
-- Table structure for table `activity_log`
--

CREATE TABLE `activity_log` (
  `id` int(11) NOT NULL,
  `data_key` varchar(255) DEFAULT NULL,
  `data_value` varchar(255) DEFAULT NULL,
  `old_vaue` varchar(255) DEFAULT NULL,
  `activiy_id` int(11) DEFAULT NULL,
  `created_at` datetime NOT NULL,
  `updated_at` datetime NOT NULL
) ENGINE=InnoDB DEFAULT CHARSET=utf8mb4 COLLATE=utf8mb4_general_ci;

--
-- Dumping data for table `activity_log`
--

INSERT INTO `activity_log` (`id`, `data_key`, `data_value`, `old_vaue`, `activiy_id`, `created_at`, `updated_at`) VALUES
(1, 'Owner', 'Kishor Kumar', NULL, 1, '2024-08-08 10:55:14', '2024-08-08 10:55:14'),
(2, 'Title', 'test', NULL, 1, '2024-08-08 10:55:14', '2024-08-08 10:55:14'),
(3, 'Goal Category', 'Mid Year review 2024', NULL, 1, '2024-08-08 10:55:14', '2024-08-08 10:55:14'),
(4, 'Status', 'In Progress', NULL, 1, '2024-08-08 10:55:14', '2024-08-08 10:55:14'),
(5, 'Category', 'Customer experience', NULL, 1, '2024-08-08 10:55:14', '2024-08-08 10:55:14'),
(6, 'Key Result', 'test', NULL, 2, '2024-08-08 10:56:47', '2024-08-08 10:56:47'),
(7, 'Tracking', 'Quantifiable traget', NULL, 2, '2024-08-08 10:56:47', '2024-08-08 10:56:47'),
(8, 'Start', '0', NULL, 2, '2024-08-08 10:56:47', '2024-08-08 10:56:47'),
(9, 'Target', '100', NULL, 2, '2024-08-08 10:56:47', '2024-08-08 10:56:47'),
(10, 'Current', '25', NULL, 2, '2024-08-08 10:56:47', '2024-08-08 10:56:47'),
(11, 'Owner', 'Kishor Kumar', NULL, 3, '2024-08-08 10:59:56', '2024-08-08 10:59:56'),
(12, 'Title', 'test', NULL, 3, '2024-08-08 10:59:56', '2024-08-08 10:59:56'),
(13, 'Status', 'Active', NULL, 3, '2024-08-08 10:59:56', '2024-08-08 10:59:56'),
(14, 'Key Result', 'test', NULL, 4, '2024-08-08 11:04:03', '2024-08-08 11:04:03'),
(15, 'Tracking', 'Quantifiable traget', NULL, 4, '2024-08-08 11:04:03', '2024-08-08 11:04:03'),
(16, 'Start', '0', NULL, 4, '2024-08-08 11:04:03', '2024-08-08 11:04:03'),
(17, 'Target', '10', NULL, 4, '2024-08-08 11:04:03', '2024-08-08 11:04:03'),
(18, 'Current', '200', NULL, 4, '2024-08-08 11:04:03', '2024-08-08 11:04:03'),
(19, 'Key result', 'test', '10', 5, '2024-08-08 11:04:20', '2024-08-08 11:04:20'),
(20, 'Target', '100', '10', 5, '2024-08-08 11:04:20', '2024-08-08 11:04:20'),
(21, 'Key result', 'test', '200', 5, '2024-08-08 11:04:20', '2024-08-08 11:04:20'),
(22, 'Current', '20', '200', 5, '2024-08-08 11:04:20', '2024-08-08 11:04:20'),
(23, 'Owner', 'Elton', NULL, 6, '2024-08-08 11:04:24', '2024-08-08 11:04:24'),
(24, 'Title', 'WORK', NULL, 6, '2024-08-08 11:04:24', '2024-08-08 11:04:24'),
(25, 'Status', 'Active', NULL, 6, '2024-08-08 11:04:24', '2024-08-08 11:04:24'),
(26, 'Owner', 'Kishor Kumar', NULL, 7, '2024-08-08 11:05:08', '2024-08-08 11:05:08'),
(27, 'Title', 'ds', NULL, 7, '2024-08-08 11:05:08', '2024-08-08 11:05:08'),
(28, 'Status', 'Archived', NULL, 7, '2024-08-08 11:05:08', '2024-08-08 11:05:08'),
(29, 'Key Result', 'finish all 6 reports', NULL, 8, '2024-08-11 06:41:59', '2024-08-11 06:41:59'),
(30, 'Tracking', 'Quantifiable traget', NULL, 8, '2024-08-11 06:41:59', '2024-08-11 06:41:59'),
(31, 'Start', '0', NULL, 8, '2024-08-11 06:41:59', '2024-08-11 06:41:59'),
(32, 'Target', '6', NULL, 8, '2024-08-11 06:41:59', '2024-08-11 06:41:59'),
(33, 'Current', '4', NULL, 8, '2024-08-11 06:41:59', '2024-08-11 06:41:59'),
(34, 'Owner', 'Elton', NULL, 9, '2024-08-11 06:42:03', '2024-08-11 06:42:03'),
(35, 'Title', 'Finish All reports', NULL, 9, '2024-08-11 06:42:03', '2024-08-11 06:42:03'),
(36, 'Goal Category', 'Mid Year review 2024', NULL, 9, '2024-08-11 06:42:03', '2024-08-11 06:42:03'),
(37, 'Status', 'In Progress', NULL, 9, '2024-08-11 06:42:03', '2024-08-11 06:42:03'),
(38, 'Category', 'Operational excellence', NULL, 9, '2024-08-11 06:42:03', '2024-08-11 06:42:03'),
(39, 'Key Result', 'do safety online training', NULL, 10, '2024-08-11 06:45:45', '2024-08-11 06:45:45'),
(40, 'Tracking', 'Milestone', NULL, 10, '2024-08-11 06:45:45', '2024-08-11 06:45:45'),
(41, 'Traking', 'Pending', NULL, 10, '2024-08-11 06:45:45', '2024-08-11 06:45:45'),
(42, 'Key Result', 'do email safety training', NULL, 11, '2024-08-11 06:46:17', '2024-08-11 06:46:17'),
(43, 'Tracking', 'Milestone', NULL, 11, '2024-08-11 06:46:17', '2024-08-11 06:46:17'),
(44, 'Traking', 'Pending', NULL, 11, '2024-08-11 06:46:17', '2024-08-11 06:46:17'),
(45, 'Owner', 'Elton', NULL, 12, '2024-08-11 06:46:20', '2024-08-11 06:46:20'),
(46, 'Title', 'Do Security Training', NULL, 12, '2024-08-11 06:46:20', '2024-08-11 06:46:20'),
(47, 'Goal Category', 'Mid Year review 2024', NULL, 12, '2024-08-11 06:46:20', '2024-08-11 06:46:20'),
(48, 'Status', 'In Progress', NULL, 12, '2024-08-11 06:46:20', '2024-08-11 06:46:20'),
(49, 'Category', 'Leadership development', NULL, 12, '2024-08-11 06:46:20', '2024-08-11 06:46:20'),
(50, 'Status', 'Partially Achieved', 'In Progress', 13, '2024-08-11 06:46:40', '2024-08-11 06:46:40'),
(51, 'Status', 'Partially Achieved', 'In Progress', 14, '2024-08-11 06:46:50', '2024-08-11 06:46:50'),
(52, 'Status', 'New', 'In Progress', 15, '2024-08-11 06:47:02', '2024-08-11 06:47:02'),
(53, 'Key Result', 'Analyze business requirements and customer needs for Q3', NULL, 16, '2024-08-21 09:11:21', '2024-08-21 09:11:21'),
(54, 'Tracking', 'Milestone', NULL, 16, '2024-08-21 09:11:21', '2024-08-21 09:11:21'),
(55, 'Traking', 'Pending', NULL, 16, '2024-08-21 09:11:21', '2024-08-21 09:11:21'),
(56, 'Owner', 'Maria', NULL, 17, '2024-08-21 09:11:24', '2024-08-21 09:11:24'),
(57, 'Title', 'Analyze business requirements and customer needs for Q3', NULL, 17, '2024-08-21 09:11:24', '2024-08-21 09:11:24'),
(58, 'Goal Category', 'End Of Year Review 2024', NULL, 17, '2024-08-21 09:11:24', '2024-08-21 09:11:24'),
(59, 'Status', 'Partially Achieved', NULL, 17, '2024-08-21 09:11:24', '2024-08-21 09:11:24'),
(60, 'Category', 'Operational excellence', NULL, 17, '2024-08-21 09:11:24', '2024-08-21 09:11:24'),
(61, 'Key Result', 'update all manuals', NULL, 18, '2024-08-21 09:13:02', '2024-08-21 09:13:02'),
(62, 'Tracking', 'Quantifiable traget', NULL, 18, '2024-08-21 09:13:02', '2024-08-21 09:13:02'),
(63, 'Start', '0', NULL, 18, '2024-08-21 09:13:02', '2024-08-21 09:13:02'),
(64, 'Target', '10', NULL, 18, '2024-08-21 09:13:02', '2024-08-21 09:13:02'),
(65, 'Current', '5', NULL, 18, '2024-08-21 09:13:02', '2024-08-21 09:13:02'),
(66, 'Owner', 'Maria', NULL, 19, '2024-08-21 09:13:21', '2024-08-21 09:13:21'),
(67, 'Title', 'Update cargo handling operations maunal', NULL, 19, '2024-08-21 09:13:21', '2024-08-21 09:13:21'),
(68, 'Goal Category', 'End Of Year Review 2024', NULL, 19, '2024-08-21 09:13:21', '2024-08-21 09:13:21'),
(69, 'Status', 'In Progress', NULL, 19, '2024-08-21 09:13:21', '2024-08-21 09:13:21'),
(70, 'Category', 'Employee engagement', NULL, 19, '2024-08-21 09:13:21', '2024-08-21 09:13:21'),
(71, 'Key Result', 'Prepare and submit operational reports', NULL, 20, '2024-08-21 09:14:28', '2024-08-21 09:14:28'),
(72, 'Tracking', 'Quantifiable traget', NULL, 20, '2024-08-21 09:14:28', '2024-08-21 09:14:28'),
(73, 'Start', '0', NULL, 20, '2024-08-21 09:14:28', '2024-08-21 09:14:28'),
(74, 'Target', '6', NULL, 20, '2024-08-21 09:14:28', '2024-08-21 09:14:28'),
(75, 'Current', '4', NULL, 20, '2024-08-21 09:14:28', '2024-08-21 09:14:28'),
(76, 'Owner', 'Maria', NULL, 21, '2024-08-21 09:14:30', '2024-08-21 09:14:30'),
(77, 'Title', 'Prepare and submit operational reports', NULL, 21, '2024-08-21 09:14:30', '2024-08-21 09:14:30'),
(78, 'Goal Category', 'End Of Year Review 2024', NULL, 21, '2024-08-21 09:14:30', '2024-08-21 09:14:30'),
(79, 'Status', 'Partially Achieved', NULL, 21, '2024-08-21 09:14:30', '2024-08-21 09:14:30'),
(80, 'Category', 'Personal development', NULL, 21, '2024-08-21 09:14:30', '2024-08-21 09:14:30'),
(81, 'Owner', 'Vishal Mukati', NULL, 22, '2024-08-23 05:16:57', '2024-08-23 05:16:57'),
(82, 'Title', 'test', NULL, 22, '2024-08-23 05:16:57', '2024-08-23 05:16:57'),
(83, 'Goal Category', 'Mid Year review 2024', NULL, 22, '2024-08-23 05:16:57', '2024-08-23 05:16:57'),
(84, 'Status', 'In Progress', NULL, 22, '2024-08-23 05:16:57', '2024-08-23 05:16:57'),
(85, 'Category', 'Leadership development', NULL, 22, '2024-08-23 05:16:57', '2024-08-23 05:16:57'),
(86, 'Key Result', 'test', NULL, 23, '2024-08-23 05:18:01', '2024-08-23 05:18:01'),
(87, 'Tracking', 'Quantiflable traget', NULL, 23, '2024-08-23 05:18:01', '2024-08-23 05:18:01'),
(88, 'Start', '1', NULL, 23, '2024-08-23 05:18:01', '2024-08-23 05:18:01'),
(89, 'Target', '100', NULL, 23, '2024-08-23 05:18:01', '2024-08-23 05:18:01'),
(90, 'Current', '40', NULL, 23, '2024-08-23 05:18:01', '2024-08-23 05:18:01'),
(91, 'Key Result', 'test', NULL, 24, '2024-08-23 05:25:53', '2024-08-23 05:25:53'),
(92, 'Tracking', 'Quantifiable traget', NULL, 24, '2024-08-23 05:25:53', '2024-08-23 05:25:53'),
(93, 'Start', '1', NULL, 24, '2024-08-23 05:25:53', '2024-08-23 05:25:53'),
(94, 'Target', '100', NULL, 24, '2024-08-23 05:25:53', '2024-08-23 05:25:53'),
(95, 'Current', '40', NULL, 24, '2024-08-23 05:25:53', '2024-08-23 05:25:53'),
(96, 'Owner', 'Chetan Bairag', NULL, 25, '2024-08-23 05:25:55', '2024-08-23 05:25:55'),
(97, 'Title', 'test', NULL, 25, '2024-08-23 05:25:55', '2024-08-23 05:25:55'),
(98, 'Goal Category', 'Mid Year review 2024', NULL, 25, '2024-08-23 05:25:55', '2024-08-23 05:25:55'),
(99, 'Status', 'Differed', NULL, 25, '2024-08-23 05:25:55', '2024-08-23 05:25:55'),
(100, 'Category', 'Employee engagement', NULL, 25, '2024-08-23 05:25:55', '2024-08-23 05:25:55'),
(101, 'Key Result', 'test', NULL, 26, '2024-08-23 06:50:52', '2024-08-23 06:50:52'),
(102, 'Tracking', 'Quantiflable traget', NULL, 26, '2024-08-23 06:50:52', '2024-08-23 06:50:52'),
(103, 'Start', '0', NULL, 26, '2024-08-23 06:50:52', '2024-08-23 06:50:52'),
(104, 'Target', '100', NULL, 26, '2024-08-23 06:50:52', '2024-08-23 06:50:52'),
(105, 'Current', '20', NULL, 26, '2024-08-23 06:50:52', '2024-08-23 06:50:52'),
(106, 'Owner', 'Kishor Kumar', NULL, 27, '2024-08-23 06:50:54', '2024-08-23 06:50:54'),
(107, 'Title', 'test', NULL, 27, '2024-08-23 06:50:54', '2024-08-23 06:50:54'),
(108, 'Status', 'Active', NULL, 27, '2024-08-23 06:50:54', '2024-08-23 06:50:54'),
(109, 'Key Result', 'test', NULL, 28, '2024-09-03 06:44:03', '2024-09-03 06:44:03'),
(110, 'Tracking', 'Quantifiable traget', NULL, 28, '2024-09-03 06:44:03', '2024-09-03 06:44:03'),
(111, 'Start', '1', NULL, 28, '2024-09-03 06:44:03', '2024-09-03 06:44:03'),
(112, 'Target', '100', NULL, 28, '2024-09-03 06:44:03', '2024-09-03 06:44:03'),
(113, 'Current', '42', NULL, 28, '2024-09-03 06:44:03', '2024-09-03 06:44:03'),
(114, 'Owner', 'Chetan Bairag', NULL, 29, '2024-09-03 06:44:06', '2024-09-03 06:44:06'),
(115, 'Title', 'test', NULL, 29, '2024-09-03 06:44:06', '2024-09-03 06:44:06'),
(116, 'Goal Category', 'Mid Year review 2024', NULL, 29, '2024-09-03 06:44:06', '2024-09-03 06:44:06'),
(117, 'Status', 'In Progress', NULL, 29, '2024-09-03 06:44:06', '2024-09-03 06:44:06'),
(118, 'Category', 'Employee engagement', NULL, 29, '2024-09-03 06:44:06', '2024-09-03 06:44:06'),
(119, 'Key Result', 'test', NULL, 30, '2024-09-03 06:52:37', '2024-09-03 06:52:37'),
(120, 'Tracking', 'Quantifiable traget', NULL, 30, '2024-09-03 06:52:37', '2024-09-03 06:52:37'),
(121, 'Start', '1', NULL, 30, '2024-09-03 06:52:37', '2024-09-03 06:52:37'),
(122, 'Target', '200', NULL, 30, '2024-09-03 06:52:37', '2024-09-03 06:52:37'),
(123, 'Current', '57', NULL, 30, '2024-09-03 06:52:37', '2024-09-03 06:52:37'),
(124, 'Owner', 'Chetan Bairag', NULL, 31, '2024-09-03 06:52:39', '2024-09-03 06:52:39'),
(125, 'Title', 'test', NULL, 31, '2024-09-03 06:52:39', '2024-09-03 06:52:39'),
(126, 'Status', 'Active', NULL, 31, '2024-09-03 06:52:39', '2024-09-03 06:52:39'),
(127, 'Key Result', 'tes 2', NULL, 32, '2024-09-03 06:53:08', '2024-09-03 06:53:08'),
(128, 'Tracking', 'Quantifiable traget', NULL, 32, '2024-09-03 06:53:08', '2024-09-03 06:53:08'),
(129, 'Start', '1', NULL, 32, '2024-09-03 06:53:08', '2024-09-03 06:53:08'),
(130, 'Target', '100', NULL, 32, '2024-09-03 06:53:08', '2024-09-03 06:53:08'),
(131, 'Current', '25', NULL, 32, '2024-09-03 06:53:08', '2024-09-03 06:53:08'),
(132, 'Owner', 'Chetan Bairag', NULL, 33, '2024-09-03 06:53:10', '2024-09-03 06:53:10'),
(133, 'Title', 'test', NULL, 33, '2024-09-03 06:53:10', '2024-09-03 06:53:10'),
(134, 'Status', 'Active', NULL, 33, '2024-09-03 06:53:10', '2024-09-03 06:53:10'),
(135, 'Key Result', 'complete excel level 3', NULL, 34, '2024-09-10 17:42:53', '2024-09-10 17:42:53'),
(136, 'Tracking', 'Milestone', NULL, 34, '2024-09-10 17:42:53', '2024-09-10 17:42:53'),
(137, 'Traking', 'Pending', NULL, 34, '2024-09-10 17:42:53', '2024-09-10 17:42:53'),
(138, 'Owner', 'Elton', NULL, 35, '2024-09-10 17:43:01', '2024-09-10 17:43:01'),
(139, 'Title', 'excel training', NULL, 35, '2024-09-10 17:43:01', '2024-09-10 17:43:01'),
(140, 'Goal Category', 'End Of Year Review 2024', NULL, 35, '2024-09-10 17:43:01', '2024-09-10 17:43:01'),
(141, 'Status', 'New', NULL, 35, '2024-09-10 17:43:01', '2024-09-10 17:43:01'),
(142, 'Category', 'Personal development', NULL, 35, '2024-09-10 17:43:01', '2024-09-10 17:43:01'),
(143, 'Owner', 'AJ Tester', NULL, 36, '2024-09-17 11:26:12', '2024-09-17 11:26:12'),
(144, 'Title', 'Tester', NULL, 36, '2024-09-17 11:26:12', '2024-09-17 11:26:12'),
(145, 'Goal Category', 'Mid Year review 2024', NULL, 36, '2024-09-17 11:26:12', '2024-09-17 11:26:12'),
(146, 'Status', 'New', NULL, 36, '2024-09-17 11:26:12', '2024-09-17 11:26:12'),
(147, 'Category', 'Leadership development', NULL, 36, '2024-09-17 11:26:12', '2024-09-17 11:26:12'),
(148, 'Key Result', '12', NULL, 37, '2024-09-17 11:27:11', '2024-09-17 11:27:11'),
(149, 'Tracking', 'Milestone', NULL, 37, '2024-09-17 11:27:11', '2024-09-17 11:27:11'),
(150, 'Traking', 'Pending', NULL, 37, '2024-09-17 11:27:11', '2024-09-17 11:27:11'),
(151, 'Key result', '12', 'Pending', 38, '2024-09-17 11:27:22', '2024-09-17 11:27:22'),
(152, 'Traking', 'Completed', 'Pending', 38, '2024-09-17 11:27:22', '2024-09-17 11:27:22'),
(153, 'Key Result', '45', NULL, 39, '2024-09-17 11:28:07', '2024-09-17 11:28:07'),
(154, 'Tracking', 'Quantiflable traget', NULL, 39, '2024-09-17 11:28:07', '2024-09-17 11:28:07'),
(155, 'Start', NULL, NULL, 39, '2024-09-17 11:28:07', '2024-09-17 11:28:07'),
(156, 'Target', '1', NULL, 39, '2024-09-17 11:28:07', '2024-09-17 11:28:07'),
(157, 'Current', NULL, NULL, 39, '2024-09-17 11:28:07', '2024-09-17 11:28:07'),
(158, 'Owner', 'AJ Tester', NULL, 40, '2024-09-17 11:29:02', '2024-09-17 11:29:02'),
(159, 'Title', 'Test', NULL, 40, '2024-09-17 11:29:02', '2024-09-17 11:29:02'),
(160, 'Goal Category', 'Mid Year review 2024', NULL, 40, '2024-09-17 11:29:02', '2024-09-17 11:29:02'),
(161, 'Status', 'Not Achieved', NULL, 40, '2024-09-17 11:29:02', '2024-09-17 11:29:02'),
(162, 'Category', 'Employee engagement', NULL, 40, '2024-09-17 11:29:02', '2024-09-17 11:29:02'),
(163, 'Key Result', '45', NULL, 41, '2024-09-17 11:36:15', '2024-09-17 11:36:15'),
(164, 'Tracking', 'Milestone', NULL, 41, '2024-09-17 11:36:15', '2024-09-17 11:36:15'),
(165, 'Traking', 'Pending', NULL, 41, '2024-09-17 11:36:15', '2024-09-17 11:36:15'),
(166, 'Owner', 'AJ Tester', NULL, 43, '2024-09-17 11:38:44', '2024-09-17 11:38:44'),
(167, 'Title', 'Tester', NULL, 43, '2024-09-17 11:38:44', '2024-09-17 11:38:44'),
(168, 'Status', 'Active', NULL, 43, '2024-09-17 11:38:44', '2024-09-17 11:38:44'),
(169, 'Owner', 'AJ Tester', NULL, 44, '2024-09-17 11:43:45', '2024-09-17 11:43:45'),
(170, 'Title', 'tester', NULL, 44, '2024-09-17 11:43:45', '2024-09-17 11:43:45'),
(171, 'Status', 'Active', NULL, 44, '2024-09-17 11:43:45', '2024-09-17 11:43:45'),
(172, 'Key Result', 'test', NULL, 45, '2024-09-17 11:44:26', '2024-09-17 11:44:26'),
(173, 'Tracking', 'Milestone', NULL, 45, '2024-09-17 11:44:26', '2024-09-17 11:44:26'),
(174, 'Traking', 'Pending', NULL, 45, '2024-09-17 11:44:26', '2024-09-17 11:44:26'),
(175, 'Key Result', 'test', NULL, 46, '2024-09-17 12:06:26', '2024-09-17 12:06:26'),
(176, 'Tracking', 'Milestone', NULL, 46, '2024-09-17 12:06:26', '2024-09-17 12:06:26'),
(177, 'Traking', 'Pending', NULL, 46, '2024-09-17 12:06:26', '2024-09-17 12:06:26'),
(178, 'Owner', 'AJ Tester', NULL, 47, '2024-09-17 12:06:48', '2024-09-17 12:06:48'),
(179, 'Title', 'tester', NULL, 47, '2024-09-17 12:06:48', '2024-09-17 12:06:48'),
(180, 'Status', 'Active', NULL, 47, '2024-09-17 12:06:48', '2024-09-17 12:06:48'),
(181, 'Owner', 'AJ Tester', NULL, 48, '2024-09-17 12:07:30', '2024-09-17 12:07:30'),
(182, 'Title', 'test', NULL, 48, '2024-09-17 12:07:30', '2024-09-17 12:07:30'),
(183, 'Status', 'Active', NULL, 48, '2024-09-17 12:07:30', '2024-09-17 12:07:30'),
(184, 'Key Result', 'iuij', NULL, 49, '2024-09-17 12:09:44', '2024-09-17 12:09:44'),
(185, 'Tracking', 'Quantiflable traget', NULL, 49, '2024-09-17 12:09:44', '2024-09-17 12:09:44'),
(186, 'Start', '0', NULL, 49, '2024-09-17 12:09:44', '2024-09-17 12:09:44'),
(187, 'Target', '7', NULL, 49, '2024-09-17 12:09:44', '2024-09-17 12:09:44'),
(188, 'Current', '4', NULL, 49, '2024-09-17 12:09:44', '2024-09-17 12:09:44'),
(189, 'Key result', 'finish all 6 reports', 'Pending', 50, '2024-09-21 11:56:48', '2024-09-21 11:56:48'),
(190, 'Traking', 'Completed', 'Pending', 50, '2024-09-21 11:56:48', '2024-09-21 11:56:48'),
(191, 'Key Result', 'finish all 6 reports', NULL, 50, '2024-09-21 11:56:48', '2024-09-21 11:56:48'),
(192, 'Tracking', 'Milestone', NULL, 50, '2024-09-21 11:56:48', '2024-09-21 11:56:48'),
(193, 'Traking', 'Pending', NULL, 50, '2024-09-21 11:56:48', '2024-09-21 11:56:48'),
(194, 'Status', 'In Progress', 'Partially Achieved', 51, '2024-09-21 11:57:28', '2024-09-21 11:57:28'),
(195, 'Key result', 'Prepare and submit operational reports', 'Pending', 52, '2024-09-21 11:57:44', '2024-09-21 11:57:44'),
(196, 'Traking', 'Completed', 'Pending', 52, '2024-09-21 11:57:44', '2024-09-21 11:57:44'),
(197, 'Key Result', 'Prepare and submit operational reports', NULL, 52, '2024-09-21 11:57:44', '2024-09-21 11:57:44'),
(198, 'Tracking', 'Milestone', NULL, 52, '2024-09-21 11:57:44', '2024-09-21 11:57:44'),
(199, 'Traking', 'Pending', NULL, 52, '2024-09-21 11:57:44', '2024-09-21 11:57:44'),
(200, 'Key result', 'test', '40', 53, '2024-09-21 11:58:06', '2024-09-21 11:58:06'),
(201, 'Current', '50', '40', 53, '2024-09-21 11:58:06', '2024-09-21 11:58:06'),
(202, 'Key result', 'test', '50', 54, '2024-09-21 11:58:23', '2024-09-21 11:58:23'),
(203, 'Current', '60', '50', 54, '2024-09-21 11:58:23', '2024-09-21 11:58:23'),
(204, 'Key Result', 'complete all reports', NULL, 55, '2024-09-21 11:59:08', '2024-09-21 11:59:08'),
(205, 'Tracking', 'Milestone', NULL, 55, '2024-09-21 11:59:08', '2024-09-21 11:59:08'),
(206, 'Traking', 'Pending', NULL, 55, '2024-09-21 11:59:08', '2024-09-21 11:59:08'),
(207, 'Key Result', 'Increase sales revenue by 15% in the next quarter.', NULL, 56, '2024-09-21 17:46:40', '2024-09-21 17:46:40'),
(208, 'Tracking', 'Milestone', NULL, 56, '2024-09-21 17:46:40', '2024-09-21 17:46:40'),
(209, 'Traking', 'Pending', NULL, 56, '2024-09-21 17:46:40', '2024-09-21 17:46:40'),
(210, 'Owner', 'Steve Marie', NULL, 57, '2024-09-21 17:46:45', '2024-09-21 17:46:45'),
(211, 'Title', 'Increase sales revenue by 15% in the next quarter.', NULL, 57, '2024-09-21 17:46:45', '2024-09-21 17:46:45'),
(212, 'Goal Category', 'Mid Year review 2024', NULL, 57, '2024-09-21 17:46:45', '2024-09-21 17:46:45'),
(213, 'Status', 'In Progress', NULL, 57, '2024-09-21 17:46:45', '2024-09-21 17:46:45'),
(214, 'Category', 'Operational excellence', NULL, 57, '2024-09-21 17:46:45', '2024-09-21 17:46:45'),
(215, 'Key Result', 'Increase customer acquisition rate by 10%.', NULL, 58, '2024-09-21 17:47:51', '2024-09-21 17:47:51'),
(216, 'Tracking', 'Quantifiable traget', NULL, 58, '2024-09-21 17:47:51', '2024-09-21 17:47:51'),
(217, 'Start', '0', NULL, 58, '2024-09-21 17:47:51', '2024-09-21 17:47:51'),
(218, 'Target', '10', NULL, 58, '2024-09-21 17:47:51', '2024-09-21 17:47:51'),
(219, 'Current', '6', NULL, 58, '2024-09-21 17:47:51', '2024-09-21 17:47:51'),
(220, 'Owner', 'Steve Marie', NULL, 59, '2024-09-21 17:47:55', '2024-09-21 17:47:55'),
(221, 'Title', 'Increase customer acquisition rate by 10%.', NULL, 59, '2024-09-21 17:47:55', '2024-09-21 17:47:55'),
(222, 'Goal Category', 'Mid Year review 2024', NULL, 59, '2024-09-21 17:47:55', '2024-09-21 17:47:55'),
(223, 'Status', 'Partially Achieved', NULL, 59, '2024-09-21 17:47:55', '2024-09-21 17:47:55'),
(224, 'Category', 'Operational excellence', NULL, 59, '2024-09-21 17:47:55', '2024-09-21 17:47:55'),
(225, 'Key Result', 'Make 10 cold calls per month.', NULL, 60, '2024-09-21 17:54:33', '2024-09-21 17:54:33'),
(226, 'Tracking', 'Quantifiable traget', NULL, 60, '2024-09-21 17:54:33', '2024-09-21 17:54:33'),
(227, 'Start', '0', NULL, 60, '2024-09-21 17:54:33', '2024-09-21 17:54:33'),
(228, 'Target', '40', NULL, 60, '2024-09-21 17:54:33', '2024-09-21 17:54:33'),
(229, 'Current', '15', NULL, 60, '2024-09-21 17:54:33', '2024-09-21 17:54:33'),
(230, 'Owner', 'Steve Marie', NULL, 61, '2024-09-21 17:55:01', '2024-09-21 17:55:01'),
(231, 'Title', 'Make 10 cold calls per month.', NULL, 61, '2024-09-21 17:55:01', '2024-09-21 17:55:01'),
(232, 'Goal Category', 'End Of Year Review 2024', NULL, 61, '2024-09-21 17:55:01', '2024-09-21 17:55:01'),
(233, 'Status', 'Partially Achieved', NULL, 61, '2024-09-21 17:55:01', '2024-09-21 17:55:01'),
(234, 'Category', 'Operational excellence', NULL, 61, '2024-09-21 17:55:01', '2024-09-21 17:55:01'),
(235, 'Key Result', 'make 10 cold calls per week', NULL, 62, '2024-09-22 13:04:28', '2024-09-22 13:04:28'),
(236, 'Tracking', 'Quantifiable traget', NULL, 62, '2024-09-22 13:04:28', '2024-09-22 13:04:28'),
(237, 'Start', '0', NULL, 62, '2024-09-22 13:04:28', '2024-09-22 13:04:28'),
(238, 'Target', '30', NULL, 62, '2024-09-22 13:04:28', '2024-09-22 13:04:28'),
(239, 'Current', '10', NULL, 62, '2024-09-22 13:04:28', '2024-09-22 13:04:28'),
(240, 'Owner', 'Steve Marie', NULL, 63, '2024-09-22 13:04:32', '2024-09-22 13:04:32'),
(241, 'Title', 'make 10 cold calls per week', NULL, 63, '2024-09-22 13:04:32', '2024-09-22 13:04:32'),
(242, 'Goal Category', 'Mid Year review 2024', NULL, 63, '2024-09-22 13:04:32', '2024-09-22 13:04:32'),
(243, 'Status', 'In Progress', NULL, 63, '2024-09-22 13:04:32', '2024-09-22 13:04:32'),
(244, 'Category', 'Customer experience', NULL, 63, '2024-09-22 13:04:32', '2024-09-22 13:04:32'),
(245, 'Key result', 'Increase customer acquisition rate by 10%.', '6', 64, '2024-09-23 07:14:15', '2024-09-23 07:14:15'),
(246, 'Current', '10', '6', 64, '2024-09-23 07:14:15', '2024-09-23 07:14:15'),
(247, 'Key Result', 'sd', NULL, 65, '2024-09-24 12:36:32', '2024-09-24 12:36:32'),
(248, 'Tracking', 'Quantiflable traget', NULL, 65, '2024-09-24 12:36:32', '2024-09-24 12:36:32'),
(249, 'Start', '1', NULL, 65, '2024-09-24 12:36:32', '2024-09-24 12:36:32'),
(250, 'Target', '100', NULL, 65, '2024-09-24 12:36:32', '2024-09-24 12:36:32'),
(251, 'Current', '33', NULL, 65, '2024-09-24 12:36:32', '2024-09-24 12:36:32'),
(252, 'Key Result', 'df', NULL, 66, '2024-10-04 09:54:47', '2024-10-04 09:54:47'),
(253, 'Tracking', 'Quantiflable traget', NULL, 66, '2024-10-04 09:54:47', '2024-10-04 09:54:47'),
(254, 'Start', '1', NULL, 66, '2024-10-04 09:54:47', '2024-10-04 09:54:47'),
(255, 'Target', '10', NULL, 66, '2024-10-04 09:54:47', '2024-10-04 09:54:47'),
(256, 'Current', '3', NULL, 66, '2024-10-04 09:54:47', '2024-10-04 09:54:47'),
(257, 'Owner', 'Chantale Barrau', NULL, 67, '2024-10-04 09:55:03', '2024-10-04 09:55:03'),
(258, 'Title', 'testing', NULL, 67, '2024-10-04 09:55:03', '2024-10-04 09:55:03'),
(259, 'Goal Category', 'Mid Year review 2024', NULL, 67, '2024-10-04 09:55:03', '2024-10-04 09:55:03'),
(260, 'Status', 'In Progress', NULL, 67, '2024-10-04 09:55:03', '2024-10-04 09:55:03'),
(261, 'Category', 'Employee engagement', NULL, 67, '2024-10-04 09:55:03', '2024-10-04 09:55:03'),
(262, 'Title', 'test test', 'test', 68, '2024-10-04 09:56:33', '2024-10-04 09:56:33'),
(263, 'Key Result', '1', NULL, 69, '2024-10-05 06:38:30', '2024-10-05 06:38:30'),
(264, 'Tracking', 'Quantiflable traget', NULL, 69, '2024-10-05 06:38:30', '2024-10-05 06:38:30'),
(265, 'Start', NULL, NULL, 69, '2024-10-05 06:38:30', '2024-10-05 06:38:30'),
(266, 'Target', '32', NULL, 69, '2024-10-05 06:38:30', '2024-10-05 06:38:30'),
(267, 'Current', '100', NULL, 69, '2024-10-05 06:38:30', '2024-10-05 06:38:30'),
(268, 'Key result', '1', NULL, 70, '2024-10-05 06:39:06', '2024-10-05 06:39:06'),
(269, 'Current', '100', NULL, 70, '2024-10-05 06:39:06', '2024-10-05 06:39:06'),
(270, 'Key Result', 'Analyze business requirements and customer needs for Q3', NULL, 71, '2024-10-05 06:42:16', '2024-10-05 06:42:16'),
(271, 'Tracking', 'Quantiflable traget', NULL, 71, '2024-10-05 06:42:16', '2024-10-05 06:42:16'),
(272, 'Start', '2', NULL, 71, '2024-10-05 06:42:16', '2024-10-05 06:42:16'),
(273, 'Target', '100', NULL, 71, '2024-10-05 06:42:16', '2024-10-05 06:42:16'),
(274, 'Current', '34', NULL, 71, '2024-10-05 06:42:16', '2024-10-05 06:42:16'),
(275, 'Key result', '1', '32', 72, '2024-10-05 06:52:38', '2024-10-05 06:52:38'),
(276, 'Target', '100', '32', 72, '2024-10-05 06:52:38', '2024-10-05 06:52:38'),
(277, 'Key result', '1', '100', 72, '2024-10-05 06:52:38', '2024-10-05 06:52:38'),
(278, 'Current', '32', '100', 72, '2024-10-05 06:52:38', '2024-10-05 06:52:38'),
(279, 'Category', 'Employee engagement', 'Operational excellence', 74, '2024-10-05 07:02:32', '2024-10-05 07:02:32'),
(280, 'Key Result', 'test 2', NULL, 75, '2024-10-05 07:17:13', '2024-10-05 07:17:13'),
(281, 'Tracking', 'Quantiflable traget', NULL, 75, '2024-10-05 07:17:13', '2024-10-05 07:17:13'),
(282, 'Start', '1', NULL, 75, '2024-10-05 07:17:13', '2024-10-05 07:17:13'),
(283, 'Target', '100', NULL, 75, '2024-10-05 07:17:13', '2024-10-05 07:17:13'),
(284, 'Current', '33', NULL, 75, '2024-10-05 07:17:13', '2024-10-05 07:17:13'),
(285, 'Key result', 'test 2', '33', 76, '2024-10-05 07:17:55', '2024-10-05 07:17:55'),
(286, 'Current', '32', '33', 76, '2024-10-05 07:17:55', '2024-10-05 07:17:55'),
(287, 'Key Result', 'fgfh', NULL, 78, '2024-10-05 07:18:43', '2024-10-05 07:18:43'),
(288, 'Tracking', 'Quantiflable traget', NULL, 78, '2024-10-05 07:18:43', '2024-10-05 07:18:43'),
(289, 'Start', '1', NULL, 78, '2024-10-05 07:18:43', '2024-10-05 07:18:43'),
(290, 'Target', '10', NULL, 78, '2024-10-05 07:18:43', '2024-10-05 07:18:43'),
(291, 'Current', '3', NULL, 78, '2024-10-05 07:18:43', '2024-10-05 07:18:43'),
(292, 'Key Result', 'qew', NULL, 79, '2024-10-05 07:20:33', '2024-10-05 07:20:33'),
(293, 'Tracking', 'Quantiflable traget', NULL, 79, '2024-10-05 07:20:33', '2024-10-05 07:20:33'),
(294, 'Start', '1', NULL, 79, '2024-10-05 07:20:33', '2024-10-05 07:20:33'),
(295, 'Target', '12', NULL, 79, '2024-10-05 07:20:33', '2024-10-05 07:20:33'),
(296, 'Current', '3', NULL, 79, '2024-10-05 07:20:33', '2024-10-05 07:20:33'),
(297, 'Key result', 'fgfh', '10', 83, '2024-10-05 07:28:59', '2024-10-05 07:28:59'),
(298, 'Target', '100', '10', 83, '2024-10-05 07:28:59', '2024-10-05 07:28:59'),
(299, 'Key result', 'fgfh', '3', 83, '2024-10-05 07:28:59', '2024-10-05 07:28:59'),
(300, 'Current', '33', '3', 83, '2024-10-05 07:28:59', '2024-10-05 07:28:59'),
(301, 'Key result', 'fgfh', '33', 84, '2024-10-05 07:29:16', '2024-10-05 07:29:16'),
(302, 'Current', '36', '33', 84, '2024-10-05 07:29:16', '2024-10-05 07:29:16'),
(303, 'Key Result', 'test', NULL, 88, '2024-10-05 07:54:39', '2024-10-05 07:54:39'),
(304, 'Tracking', 'Quantiflable traget', NULL, 88, '2024-10-05 07:54:39', '2024-10-05 07:54:39'),
(305, 'Start', '1', NULL, 88, '2024-10-05 07:54:39', '2024-10-05 07:54:39'),
(306, 'Target', '22', NULL, 88, '2024-10-05 07:54:39', '2024-10-05 07:54:39'),
(307, 'Current', '100', NULL, 88, '2024-10-05 07:54:39', '2024-10-05 07:54:39'),
(308, 'Key result', 'test', '22', 89, '2024-10-05 07:54:56', '2024-10-05 07:54:56'),
(309, 'Target', '100', '22', 89, '2024-10-05 07:54:56', '2024-10-05 07:54:56'),
(310, 'Key result', 'test', '100', 89, '2024-10-05 07:54:56', '2024-10-05 07:54:56'),
(311, 'Current', '23', '100', 89, '2024-10-05 07:54:56', '2024-10-05 07:54:56'),
(312, 'Key result', 'test', '23', 90, '2024-10-05 07:55:04', '2024-10-05 07:55:04'),
(313, 'Current', '24', '23', 90, '2024-10-05 07:55:04', '2024-10-05 07:55:04'),
(314, 'Key result', 'test', '24', 91, '2024-10-05 07:55:12', '2024-10-05 07:55:12'),
(315, 'Current', '33', '24', 91, '2024-10-05 07:55:12', '2024-10-05 07:55:12'),
(316, 'Owner', 'Chantale Barrau', NULL, 92, '2024-10-05 07:55:30', '2024-10-05 07:55:30'),
(317, 'Title', 'test', NULL, 92, '2024-10-05 07:55:30', '2024-10-05 07:55:30'),
(318, 'Status', 'Active', NULL, 92, '2024-10-05 07:55:30', '2024-10-05 07:55:30'),
(319, 'Key Result', 'ets', NULL, 93, '2024-10-05 07:56:08', '2024-10-05 07:56:08'),
(320, 'Tracking', 'Quantiflable traget', NULL, 93, '2024-10-05 07:56:08', '2024-10-05 07:56:08'),
(321, 'Start', '1', NULL, 93, '2024-10-05 07:56:08', '2024-10-05 07:56:08'),
(322, 'Target', '100', NULL, 93, '2024-10-05 07:56:08', '2024-10-05 07:56:08'),
(323, 'Current', '17', NULL, 93, '2024-10-05 07:56:08', '2024-10-05 07:56:08'),
(324, 'Key Result', 'test', NULL, 94, '2024-10-05 08:02:53', '2024-10-05 08:02:53'),
(325, 'Tracking', 'Milestone', NULL, 94, '2024-10-05 08:02:53', '2024-10-05 08:02:53'),
(326, 'Traking', 'Pending', NULL, 94, '2024-10-05 08:02:53', '2024-10-05 08:02:53'),
(327, 'Key Result', 'test', NULL, 95, '2024-10-05 08:03:15', '2024-10-05 08:03:15'),
(328, 'Tracking', 'Quantiflable traget', NULL, 95, '2024-10-05 08:03:15', '2024-10-05 08:03:15'),
(329, 'Start', '1', NULL, 95, '2024-10-05 08:03:15', '2024-10-05 08:03:15'),
(330, 'Target', '100', NULL, 95, '2024-10-05 08:03:15', '2024-10-05 08:03:15'),
(331, 'Current', '28', NULL, 95, '2024-10-05 08:03:15', '2024-10-05 08:03:15'),
(332, 'Key Result', 'test', NULL, 96, '2024-10-05 08:05:17', '2024-10-05 08:05:17'),
(333, 'Tracking', 'Quantiflable traget', NULL, 96, '2024-10-05 08:05:17', '2024-10-05 08:05:17'),
(334, 'Start', '1', NULL, 96, '2024-10-05 08:05:17', '2024-10-05 08:05:17'),
(335, 'Target', '33', NULL, 96, '2024-10-05 08:05:17', '2024-10-05 08:05:17'),
(336, 'Current', '100', NULL, 96, '2024-10-05 08:05:17', '2024-10-05 08:05:17'),
(337, 'Key result', 'test', '33', 97, '2024-10-05 08:05:38', '2024-10-05 08:05:38'),
(338, 'Target', '100', '33', 97, '2024-10-05 08:05:38', '2024-10-05 08:05:38'),
(339, 'Key result', 'test', '100', 97, '2024-10-05 08:05:38', '2024-10-05 08:05:38'),
(340, 'Current', '34', '100', 97, '2024-10-05 08:05:38', '2024-10-05 08:05:38'),
(341, 'Key Result', 'test', NULL, 98, '2024-10-05 08:09:47', '2024-10-05 08:09:47'),
(342, 'Tracking', 'Quantiflable traget', NULL, 98, '2024-10-05 08:09:47', '2024-10-05 08:09:47'),
(343, 'Start', '1', NULL, 98, '2024-10-05 08:09:47', '2024-10-05 08:09:47'),
(344, 'Target', '100', NULL, 98, '2024-10-05 08:09:47', '2024-10-05 08:09:47'),
(345, 'Current', '33', NULL, 98, '2024-10-05 08:09:47', '2024-10-05 08:09:47'),
(346, 'Key Result', 'test', NULL, 99, '2024-10-05 08:13:55', '2024-10-05 08:13:55'),
(347, 'Tracking', 'Milestone', NULL, 99, '2024-10-05 08:13:55', '2024-10-05 08:13:55'),
(348, 'Traking', 'Pending', NULL, 99, '2024-10-05 08:13:55', '2024-10-05 08:13:55'),
(349, 'Key Result', 'test', NULL, 100, '2024-10-05 08:15:57', '2024-10-05 08:15:57'),
(350, 'Tracking', 'Quantiflable traget', NULL, 100, '2024-10-05 08:15:57', '2024-10-05 08:15:57'),
(351, 'Start', '1', NULL, 100, '2024-10-05 08:15:57', '2024-10-05 08:15:57'),
(352, 'Target', '100', NULL, 100, '2024-10-05 08:15:57', '2024-10-05 08:15:57'),
(353, 'Current', '44', NULL, 100, '2024-10-05 08:15:57', '2024-10-05 08:15:57');

-- --------------------------------------------------------

--
-- Table structure for table `admins`
--

CREATE TABLE `admins` (
  `id` bigint(20) UNSIGNED NOT NULL,
  `name` varchar(255) NOT NULL,
  `email` varchar(255) NOT NULL,
  `profile_image` varchar(255) DEFAULT NULL,
  `logo` varchar(255) DEFAULT NULL,
  `department_id` int(11) DEFAULT NULL,
  `employment_start` varchar(50) DEFAULT NULL,
  `employment_end` varchar(50) DEFAULT NULL,
  `d_o_b` varchar(50) NOT NULL,
  `employee_code` varchar(255) NOT NULL,
  `is_login` int(11) NOT NULL DEFAULT 0 COMMENT 'admin=0,user=1',
  `email_verified_at` timestamp NULL DEFAULT NULL,
  `password` varchar(255) NOT NULL,
  `remember_token` varchar(100) DEFAULT NULL,
  `created_at` timestamp NULL DEFAULT NULL,
  `updated_at` timestamp NULL DEFAULT NULL
) ENGINE=InnoDB DEFAULT CHARSET=utf8mb4 COLLATE=utf8mb4_unicode_ci;

--
-- Dumping data for table `admins`
--

INSERT INTO `admins` (`id`, `name`, `email`, `profile_image`, `logo`, `department_id`, `employment_start`, `employment_end`, `d_o_b`, `employee_code`, `is_login`, `email_verified_at`, `password`, `remember_token`, `created_at`, `updated_at`) VALUES
(1, 'Admin', 'admin@gmail.com', '27', '25', NULL, NULL, NULL, '', '', 0, NULL, '$2y$10$I663JuUbKheBkoG/pyGIoOFeVvQ7eJa0oosC3Gv6BMDXd5VK6yl2.', 'ZFHA7utbYAE6kfaPrmT2rvVAwiNuMlKCiOOOxNmJObcWxGOp6ArQbhBcUamX', '2023-10-25 04:46:00', '2024-08-08 04:06:40');

-- --------------------------------------------------------

--
-- Table structure for table `appraisals`
--

CREATE TABLE `appraisals` (
  `id` int(11) NOT NULL,
  `user_id` int(11) DEFAULT NULL,
  `self_review` int(11) DEFAULT 0,
  `self_review_deadline` varchar(255) DEFAULT NULL,
  `manager_id` int(11) DEFAULT NULL,
  `manager_review` int(11) DEFAULT 0,
  `manager_review_deadlin` varchar(255) DEFAULT NULL,
  `status` int(11) DEFAULT 0,
  `review_cycle` varchar(255) DEFAULT NULL,
  `results_shared` int(11) DEFAULT 0,
  `questionnaire` varchar(255) DEFAULT NULL,
  `self_popup` int(11) DEFAULT 0,
  `manager_popup` int(11) DEFAULT 0,
  `self_popup_date` varchar(255) DEFAULT NULL,
  `manager_popup_date` varchar(255) DEFAULT NULL,
  `self_review_submited` varchar(100) DEFAULT NULL,
  `manager_review_submited` varchar(100) DEFAULT NULL,
  `created_at` timestamp NULL DEFAULT NULL,
  `updated_at` timestamp NULL DEFAULT NULL
) ENGINE=InnoDB DEFAULT CHARSET=utf8mb4 COLLATE=utf8mb4_general_ci;

--
-- Dumping data for table `appraisals`
--

INSERT INTO `appraisals` (`id`, `user_id`, `self_review`, `self_review_deadline`, `manager_id`, `manager_review`, `manager_review_deadlin`, `status`, `review_cycle`, `results_shared`, `questionnaire`, `self_popup`, `manager_popup`, `self_popup_date`, `manager_popup_date`, `self_review_submited`, `manager_review_submited`, `created_at`, `updated_at`) VALUES
(1, 16, 1, '2024-08-09', 4, 1, '2024-08-12', 1, '7', 1, '17', 0, 0, '2024/10/04', '2024/08/08', '2024-08-08 10:22:36 AM', '2024-08-08 10:23:01 AM', '2024-08-08 04:51:56', '2024-10-04 07:42:40'),
(2, 16, 0, '2024-08-15', 4, 0, '2024-08-31', 0, '7', 0, '19', 0, 0, '2024/09/27', NULL, NULL, NULL, '2024-08-15 05:28:31', '2024-09-27 14:50:45'),
(3, 19, 0, '2024-08-23', 17, 0, '2024-08-31', 0, '8', 0, '17', 0, 0, '2024/09/17', NULL, NULL, NULL, '2024-08-21 03:38:51', '2024-09-17 00:50:41'),
(4, 1, 1, '2024-08-23', 4, 1, '2024-08-29', 1, '7', 1, '19', 0, 0, '2024/08/23', '2024/08/23', '2024-08-23 05:21:50 AM', '2024-08-23 05:22:15 AM', '2024-08-22 23:51:00', '2024-08-22 23:52:36'),
(5, 1, 1, '2024-08-24', 4, 1, '2024-08-28', 1, '7', 1, '21', 0, 0, '2024/08/23', '2024/08/23', '2024-08-23 06:29:55 AM', '2024-08-23 06:32:47 AM', '2024-08-23 00:55:18', '2024-08-23 01:03:12'),
(6, 1, 1, '2024-08-27', 4, 1, '2024-09-04', 1, '7', 1, '22', 0, 0, '2024/08/23', '2024/08/23', '2024-08-23 06:41:57 AM', '2024-08-23 06:43:16 AM', '2024-08-23 01:11:24', '2024-08-23 01:14:20'),
(7, 1, 1, '2024-08-28', 4, 1, '2024-08-31', 1, '7', 0, '22', 0, 0, '2024/08/28', '2024/08/29', '2024-08-28 09:36:06 AM', '2024-08-29 09:40:11 AM', '2024-08-28 03:58:29', '2024-08-29 04:10:11'),
(8, 1, 1, '2024-08-31', 4, 0, '2024-09-04', 0, '7', 0, '22', 0, 0, '2024/10/04', '2024/10/04', '2024-08-31 06:47:28 AM', NULL, '2024-08-31 01:15:38', '2024-10-04 08:34:44'),
(9, 1, 1, '2024-09-16', 4, 0, '2024-09-25', 0, '0', 0, '21', 0, 0, '2024/10/07', '2024/10/04', '2024-09-17 11:33:19 AM', NULL, '2024-09-09 01:59:44', '2024-10-07 00:01:22'),
(10, 3, 1, '2024-09-10', 4, 1, '2024-09-11', 1, '7', 0, '21', 0, 0, '2024/09/09', NULL, '2024-09-09 07:51:37 AM', '2024-09-09 07:50:56 AM', '2024-09-09 02:18:55', '2024-09-09 02:21:37'),
(11, 21, 1, '2024-10-15', 2, 0, '2024-09-17', 0, '8', 0, '18', 0, 0, '2024/09/20', '2024/10/04', '2024-09-20 08:19:10 AM', NULL, '2024-09-14 05:48:47', '2024-10-03 23:32:26'),
(12, 1, 0, '2024-09-17', 4, 0, '2024-09-26', 0, '7', 0, '18', 0, 0, '2024/10/07', NULL, NULL, NULL, '2024-09-17 05:59:50', '2024-10-07 00:01:23'),
(13, 21, 0, '2024-09-19', 2, 0, '2024-09-26', 0, '7', 0, '21', 0, 0, '2024/09/20', NULL, NULL, NULL, '2024-09-17 06:53:45', '2024-09-20 00:52:11'),
(14, 21, 0, '2024-09-23', 2, 0, '2024-09-18', 0, '8', 0, '21', 0, 0, '2024/09/20', NULL, NULL, NULL, '2024-09-17 06:53:59', '2024-09-20 00:52:11'),
(15, 1, 1, '2024-09-26', 22, 0, '2024-09-30', 0, '0', 0, '27', 0, 0, '2024/09/22', '2024/09/27', '2024-09-22 03:42:06 AM', NULL, '2024-09-22 10:36:00', '2024-09-27 14:50:11'),
(16, 23, 1, '2024-09-30', 22, 0, '2024-10-24', 0, '0', 0, '27', 0, 0, '2024/09/22', '2024/09/27', '2024-09-22 03:56:36 AM', NULL, '2024-09-22 10:52:58', '2024-09-27 14:50:10'),
(17, 1, 1, '2024-09-30', 22, 0, '2024-10-31', 0, '8', 0, '27', 0, 0, '2024/10/07', '2024/09/27', '2024-09-22 05:04:13 AM', NULL, '2024-09-22 12:01:54', '2024-10-07 00:01:21'),
(18, 23, 1, '2024-09-30', 22, 1, '2024-10-31', 1, '8', 1, '27', 0, 0, '2024/09/22', '2024/09/22', '2024-09-22 01:19:38 PM', '2024-09-22 01:20:50 PM', '2024-09-22 20:18:42', '2024-09-22 20:21:31'),
(19, 23, 1, '2024-09-30', 22, 0, '2024-10-02', 0, '7', 0, '29', 0, 0, '2024/09/24', '2024/09/27', '2024-09-24 10:08:01 AM', NULL, '2024-09-24 17:07:33', '2024-09-27 14:50:12'),
(38, 14, 0, '2024-10-07', 3, 0, '2024-10-15', 0, '7', 0, '18', 0, 0, NULL, NULL, NULL, NULL, '2024-10-05 08:05:15', '2024-10-05 08:05:15'),
(39, 14, 0, '2024-10-08', 3, 0, '2024-10-22', 0, '7', 0, '17', 0, 0, NULL, NULL, NULL, NULL, '2024-10-07 00:25:24', '2024-10-07 00:25:24');

-- --------------------------------------------------------

--
-- Table structure for table `assess_potentials`
--

CREATE TABLE `assess_potentials` (
  `id` bigint(20) UNSIGNED NOT NULL,
  `potential` varchar(255) DEFAULT NULL,
  `retention` varchar(255) DEFAULT NULL,
  `achievable_level` varchar(255) DEFAULT NULL,
  `loss_impact` varchar(255) DEFAULT NULL,
  `status` int(11) DEFAULT NULL,
  `performance_id` bigint(20) UNSIGNED DEFAULT NULL,
  `created_at` timestamp NULL DEFAULT NULL,
  `updated_at` timestamp NULL DEFAULT NULL
) ENGINE=InnoDB DEFAULT CHARSET=utf8mb4 COLLATE=utf8mb4_unicode_ci;

--
-- Dumping data for table `assess_potentials`
--

INSERT INTO `assess_potentials` (`id`, `potential`, `retention`, `achievable_level`, `loss_impact`, `status`, `performance_id`, `created_at`, `updated_at`) VALUES
(1, '1', '1', '1', '1', 1, 1, '2024-05-27 01:35:09', '2024-05-27 01:35:09');

-- --------------------------------------------------------

--
-- Table structure for table `certificate`
--

CREATE TABLE `certificate` (
  `id` bigint(20) UNSIGNED NOT NULL,
  `user_id` bigint(20) UNSIGNED DEFAULT NULL,
  `department_id` bigint(20) UNSIGNED DEFAULT NULL,
  `file` varchar(255) DEFAULT NULL,
  `certificate_name` varchar(255) DEFAULT NULL,
  `created_at` timestamp NULL DEFAULT current_timestamp(),
  `updated_at` timestamp NULL DEFAULT current_timestamp() ON UPDATE current_timestamp()
) ENGINE=MyISAM DEFAULT CHARSET=latin1 COLLATE=latin1_swedish_ci;

--
-- Dumping data for table `certificate`
--

INSERT INTO `certificate` (`id`, `user_id`, `department_id`, `file`, `certificate_name`, `created_at`, `updated_at`) VALUES
(17, 16, NULL, '1719585363.png', NULL, '2024-06-28 09:06:03', '2024-06-28 09:06:03'),
(16, 16, NULL, '1719585349.jpg', NULL, '2024-06-28 09:05:49', '2024-06-28 09:05:49'),
(15, 16, NULL, '1719585335.jpg', NULL, '2024-06-28 09:05:35', '2024-06-28 09:05:35'),
(14, 1, NULL, '1718113836.pdf', NULL, '2024-06-11 08:20:36', '2024-06-11 08:20:36'),
(19, 23, NULL, '1727010906.jpg', NULL, '2024-09-22 20:15:06', '2024-09-22 20:15:06'),
(20, 22, NULL, '1727078670.jpg', NULL, '2024-09-23 15:04:30', '2024-09-23 15:04:30');

-- --------------------------------------------------------

--
-- Table structure for table `colors`
--

CREATE TABLE `colors` (
  `id` bigint(20) UNSIGNED NOT NULL,
  `color_name` varchar(225) DEFAULT NULL,
  `color_code` varchar(255) DEFAULT NULL,
  `created_at` timestamp NULL DEFAULT NULL,
  `updated_at` timestamp NULL DEFAULT NULL
) ENGINE=InnoDB DEFAULT CHARSET=utf8mb4 COLLATE=utf8mb4_unicode_ci;

--
-- Dumping data for table `colors`
--

INSERT INTO `colors` (`id`, `color_name`, `color_code`, `created_at`, `updated_at`) VALUES
(7, 'Red', '#FF0000', NULL, NULL),
(8, 'Cyan', '#00FFFF', NULL, NULL),
(9, 'Blue', '#0000FF', NULL, NULL),
(10, 'DarkBlue', '#00008B', NULL, NULL),
(11, 'LightBlue', '#ADD8E6', NULL, NULL),
(12, 'Purple', '#800080', NULL, NULL),
(13, 'Yellow', '#FFFF00', NULL, NULL),
(14, 'Lime', '#00FF00', NULL, NULL),
(15, 'Magenta', '#FF00FF', NULL, NULL),
(16, 'Pink', '#FFC0CB', NULL, NULL),
(17, 'White', '#FFFFFF', NULL, NULL),
(18, 'Silver', '#C0C0C0', NULL, NULL),
(19, 'Gray or Grey', '#808080', NULL, NULL),
(20, 'Black', '#000000', NULL, NULL),
(21, 'Orange', '#FFA500', NULL, NULL),
(22, 'Brown', '#A52A2A', NULL, NULL),
(23, 'Maroon', '#800000', NULL, NULL),
(24, 'Green', '#008000', NULL, NULL),
(25, 'Olive', '#808000', NULL, NULL),
(26, 'Aquamarine', '#7FFFD4', NULL, NULL),
(27, 'Black (W3C)', '#000000', NULL, NULL),
(28, 'Black Blue', '#040720', NULL, NULL),
(29, 'Night', '#0C090A', NULL, NULL),
(30, 'Charcoal', '#34282C', NULL, NULL),
(31, 'Oil', '#3B3131', NULL, NULL),
(32, 'Stormy Gray', '#3A3B3C', NULL, NULL),
(33, 'Light Black', '#454545', NULL, NULL),
(34, 'Dark Steampunk', '#4D4D4F', NULL, NULL),
(35, 'Black Cat', '#413839', NULL, NULL),
(36, 'Iridium', '#3D3C3A', NULL, NULL),
(37, 'Black Eel', '#463E3F', NULL, NULL),
(38, 'Black Cow', '#4C4646', NULL, NULL),
(39, 'Gray Wolf', '#504A4B', NULL, NULL),
(40, 'Vampire Gray', '#565051', NULL, NULL),
(41, 'Iron Gray', '#52595D', NULL, NULL),
(42, 'Gray Dolphin', '#5C5858', NULL, NULL),
(43, 'Carbon Gray', '#625D5D', NULL, NULL),
(44, 'Ash Gray', '#666362', NULL, NULL),
(45, 'DimGray or DimGrey (W3C)', '#696969', NULL, NULL),
(46, 'Nardo Gray', '#686A6C', NULL, NULL),
(47, 'Cloudy Gray', '#6D6968', NULL, NULL),
(48, 'Smokey Gray', '#726E6D', NULL, NULL),
(49, 'Alien Gray', '#736F6E', NULL, NULL),
(50, 'Sonic Silver', '#757575', NULL, NULL),
(51, 'Platinum Gray', '#797979', NULL, NULL),
(52, 'Granite', '#837E7C', NULL, NULL),
(53, 'Gray or Grey (W3C)', '#808080', NULL, NULL),
(54, 'Battleship Gray', '#848482', NULL, NULL),
(55, 'Sheet Metal', '#888B90', NULL, NULL),
(56, 'Dark Gainsboro', '#8C8C8C', NULL, NULL),
(57, 'Gunmetal Gray', '#8D918D', NULL, NULL),
(58, 'Cold Metal', '#9B9A96', NULL, NULL),
(59, 'Stainless Steel Gray', '#99A3A3', NULL, NULL),
(60, 'DarkGray or DarkGrey (W3C)', '#A9A9A9', NULL, NULL),
(61, 'Chrome Aluminum', '#A8A9AD', NULL, NULL),
(62, 'Gray Cloud', '#B6B6B4', NULL, NULL),
(63, 'Metal', '#B6B6B6', NULL, NULL),
(64, 'Silver (W3C)', '#C0C0C0', NULL, NULL),
(65, 'Steampunk', '#C9C1C1', NULL, NULL),
(66, 'Pale Silver', '#C9C0BB', NULL, NULL),
(67, 'Gear Steel Gray', '#C0C6C7', NULL, NULL),
(68, 'Gray Goose', '#D1D0CE', NULL, NULL),
(69, 'Platinum Silver', '#CECECE', NULL, NULL),
(70, 'LightGray or LightGrey (W3C)', '#D3D3D3', NULL, NULL),
(71, 'Silver White', '#DADBDD', NULL, NULL),
(72, 'Gainsboro (W3C)', '#DCDCDC', NULL, NULL),
(73, 'Light Steel Gray', '#E0E5E5', NULL, NULL),
(74, 'WhiteSmoke (W3C)', '#F5F5F5', NULL, NULL),
(75, 'White Gray', '#EEEEEE', NULL, NULL),
(76, 'Platinum', '#E5E4E2', NULL, NULL),
(77, 'Metallic Silver', '#BCC6CC', NULL, NULL),
(78, 'Blue Gray', '#98AFC7', NULL, NULL),
(79, 'Roman Silver', '#838996', NULL, NULL),
(80, 'LightSlateGray or LightSlateGrey (W3C)', '#778899', NULL, NULL),
(81, 'SlateGray or SlateGrey (W3C)', '#708090', NULL, NULL),
(82, 'Rat Gray', '#6D7B8D', NULL, NULL),
(83, 'Slate Granite Gray', '#657383', NULL, NULL),
(84, 'Jet Gray', '#616D7E', NULL, NULL),
(85, 'Mist Blue', '#646D7E', NULL, NULL),
(86, 'Steel Gray', '#71797E', NULL, NULL),
(87, 'Marble Blue', '#566D7E', NULL, NULL),
(88, 'Slate Blue Gray', '#737CA1', NULL, NULL),
(89, 'Light Purple Blue', '#728FCE', NULL, NULL),
(90, 'Azure Blue', '#4863A0', NULL, NULL),
(91, 'Estoril Blue', '#2F539B', NULL, NULL),
(92, 'Blue Jay', '#2B547E', NULL, NULL),
(93, 'Charcoal Blue', '#36454F', NULL, NULL),
(94, 'Dark Blue Gray', '#29465B', NULL, NULL),
(95, 'Dark Slate', '#2B3856', NULL, NULL),
(96, 'Deep Sea Blue', '#123456', NULL, NULL),
(97, 'Night Blue', '#151B54', NULL, NULL),
(98, 'MidnightBlue (W3C)', '#191970', NULL, NULL),
(99, 'Navy (W3C)', '#000080', NULL, NULL),
(100, 'Denim Dark Blue', '#151B8D', NULL, NULL),
(101, 'DarkBlue (W3C)', '#00008B', NULL, NULL),
(102, 'Lapis Blue', '#15317E', NULL, NULL),
(103, 'New Midnight Blue', '#0000A0', NULL, NULL),
(104, 'Earth Blue', '#0000A5', NULL, NULL),
(105, 'Cobalt Blue', '#0020C2', NULL, NULL),
(106, 'MediumBlue (W3C)', '#0000CD', NULL, NULL),
(107, 'Blueberry Blue', '#0041C2', NULL, NULL),
(108, 'Canary Blue', '#2916F5', NULL, NULL),
(109, 'Blue (W3C)', '#0000FF', NULL, NULL),
(110, 'Samco Blue', '#0002FF', NULL, NULL),
(111, 'Bright Blue', '#0909FF', NULL, NULL),
(112, 'Blue Orchid', '#1F45FC', NULL, NULL),
(113, 'Sapphire Blue', '#2554C7', NULL, NULL),
(114, 'Blue Eyes', '#1569C7', NULL, NULL),
(116, 'Bright Orange', '#FF5F1F', '2024-05-09 23:46:08', '2024-05-09 23:50:14');

-- --------------------------------------------------------

--
-- Table structure for table `company_announcements`
--

CREATE TABLE `company_announcements` (
  `id` bigint(20) UNSIGNED NOT NULL,
  `title` varchar(255) DEFAULT NULL,
  `description` text DEFAULT NULL,
  `employee_id` bigint(20) UNSIGNED DEFAULT NULL,
  `background_color_id` varchar(255) DEFAULT NULL,
  `text_color_id` varchar(255) DEFAULT NULL,
  `status` int(11) DEFAULT 1,
  `created_at` timestamp NULL DEFAULT NULL,
  `updated_at` timestamp NULL DEFAULT NULL
) ENGINE=InnoDB DEFAULT CHARSET=utf8mb4 COLLATE=utf8mb4_unicode_ci;

--
-- Dumping data for table `company_announcements`
--

INSERT INTO `company_announcements` (`id`, `title`, `description`, `employee_id`, `background_color_id`, `text_color_id`, `status`, `created_at`, `updated_at`) VALUES
(4, 'Welcome to workmate', 'Welcome to workmate performance management system click here to for a quick tour off the system and discover all the different features available', NULL, '#121212', '#ffffff', 1, '2024-08-21 03:33:55', '2024-10-02 05:29:54'),
(5, 'Update your profile', 'The first step you get you all setup and benefit all the features workmate has to offer is to complete your profile .', NULL, '#f0fd91', '#0b0909', 1, '2024-08-21 04:17:10', '2024-10-02 05:30:51'),
(6, 'Why do we use it?', 'It is a long established fact that a reader will be distracted by the readable content of a page when looking at its layout. The point of using Lorem Ipsum is that it has a more-or-less normal distribution of letters, as opposed to using \'Content here, content here\', making it look like readable English. Many desktop publishing packages and web page editors now use Lorem Ipsum as their default model text, and a search for \'lorem ipsum\' will uncover many web sites still in their infancy.', NULL, '#f1e9e9', '#050000', 1, '2024-10-02 06:01:29', '2024-10-02 06:04:15');

-- --------------------------------------------------------

--
-- Table structure for table `competencies`
--

CREATE TABLE `competencies` (
  `id` bigint(20) UNSIGNED NOT NULL,
  `title` varchar(255) DEFAULT NULL,
  `status` varchar(255) DEFAULT NULL,
  `discription` text DEFAULT NULL,
  `time` varchar(255) DEFAULT NULL,
  `total_progress` varchar(255) DEFAULT NULL,
  `user_id` int(11) DEFAULT NULL,
  `created_at` timestamp NULL DEFAULT NULL,
  `updated_at` timestamp NULL DEFAULT NULL
) ENGINE=InnoDB DEFAULT CHARSET=utf8mb4 COLLATE=utf8mb4_unicode_ci;

--
-- Dumping data for table `competencies`
--

INSERT INTO `competencies` (`id`, `title`, `status`, `discription`, `time`, `total_progress`, `user_id`, `created_at`, `updated_at`) VALUES
(1, 'test', 'Active', 'fs', '1723114781', 'NaN', 4, '2024-08-08 05:29:56', '2024-08-08 05:29:56'),
(2, 'test', 'Active', 'test', '1724395818', '20', 4, '2024-08-23 01:20:54', '2024-08-23 01:20:54'),
(3, 'Tester', 'Active', 'Lorem Ipsum is simply dummy text of the printing and typesetting industry. Lorem Ipsum has been the industry\'s standard dummy text ever since the 1500s, when an unknown printer took a galley of type and scrambled it to make a type specimen book. It has survived not only five centuries, but also the leap into electronic typesetting, remaining essentially unchanged. It was popularised in the 1960s with the release of Letraset sheets containing Lorem Ipsum passages, and more recently with desktop publishing software like Aldus PageMaker including versions of Lorem Ipsum.', '1726573057', '0', 21, '2024-09-17 06:08:44', '2024-09-17 06:14:29'),
(4, 'tester', 'Active', 'test test', '1726573394', 'NaN', 21, '2024-09-17 06:13:45', '2024-09-17 06:13:45'),
(5, 'test', 'Active', 'das', '1728114842', '24', 1, '2024-10-05 02:25:30', '2024-10-05 02:26:10');

-- --------------------------------------------------------

--
-- Table structure for table `countries`
--

CREATE TABLE `countries` (
  `id` int(11) NOT NULL,
  `sortname` varchar(3) NOT NULL,
  `name` varchar(150) NOT NULL,
  `phonecode` int(11) NOT NULL
) ENGINE=InnoDB DEFAULT CHARSET=utf8 COLLATE=utf8_general_ci;

--
-- Dumping data for table `countries`
--

INSERT INTO `countries` (`id`, `sortname`, `name`, `phonecode`) VALUES
(1, 'AF', 'Afghanistan', 93),
(2, 'AL', 'Albania', 355),
(3, 'DZ', 'Algeria', 213),
(4, 'AS', 'American Samoa', 1684),
(5, 'AD', 'Andorra', 376),
(6, 'AO', 'Angola', 244),
(7, 'AI', 'Anguilla', 1264),
(8, 'AQ', 'Antarctica', 0),
(9, 'AG', 'Antigua And Barbuda', 1268),
(10, 'AR', 'Argentina', 54),
(11, 'AM', 'Armenia', 374),
(12, 'AW', 'Aruba', 297),
(13, 'AU', 'Australia', 61),
(14, 'AT', 'Austria', 43),
(15, 'AZ', 'Azerbaijan', 994),
(16, 'BS', 'Bahamas The', 1242),
(17, 'BH', 'Bahrain', 973),
(18, 'BD', 'Bangladesh', 880),
(19, 'BB', 'Barbados', 1246),
(20, 'BY', 'Belarus', 375),
(21, 'BE', 'Belgium', 32),
(22, 'BZ', 'Belize', 501),
(23, 'BJ', 'Benin', 229),
(24, 'BM', 'Bermuda', 1441),
(25, 'BT', 'Bhutan', 975),
(26, 'BO', 'Bolivia', 591),
(27, 'BA', 'Bosnia and Herzegovina', 387),
(28, 'BW', 'Botswana', 267),
(29, 'BV', 'Bouvet Island', 0),
(30, 'BR', 'Brazil', 55),
(31, 'IO', 'British Indian Ocean Territory', 246),
(32, 'BN', 'Brunei', 673),
(33, 'BG', 'Bulgaria', 359),
(34, 'BF', 'Burkina Faso', 226),
(35, 'BI', 'Burundi', 257),
(36, 'KH', 'Cambodia', 855),
(37, 'CM', 'Cameroon', 237),
(38, 'CA', 'Canada', 1),
(39, 'CV', 'Cape Verde', 238),
(40, 'KY', 'Cayman Islands', 1345),
(41, 'CF', 'Central African Republic', 236),
(42, 'TD', 'Chad', 235),
(43, 'CL', 'Chile', 56),
(44, 'CN', 'China', 86),
(45, 'CX', 'Christmas Island', 61),
(46, 'CC', 'Cocos (Keeling) Islands', 672),
(47, 'CO', 'Colombia', 57),
(48, 'KM', 'Comoros', 269),
(49, 'CG', 'Republic Of The Congo', 242),
(50, 'CD', 'Democratic Republic Of The Congo', 242),
(51, 'CK', 'Cook Islands', 682),
(52, 'CR', 'Costa Rica', 506),
(53, 'CI', 'Cote D\'Ivoire (Ivory Coast)', 225),
(54, 'HR', 'Croatia (Hrvatska)', 385),
(55, 'CU', 'Cuba', 53),
(56, 'CY', 'Cyprus', 357),
(57, 'CZ', 'Czech Republic', 420),
(58, 'DK', 'Denmark', 45),
(59, 'DJ', 'Djibouti', 253),
(60, 'DM', 'Dominica', 1767),
(61, 'DO', 'Dominican Republic', 1809),
(62, 'TP', 'East Timor', 670),
(63, 'EC', 'Ecuador', 593),
(64, 'EG', 'Egypt', 20),
(65, 'SV', 'El Salvador', 503),
(66, 'GQ', 'Equatorial Guinea', 240),
(67, 'ER', 'Eritrea', 291),
(68, 'EE', 'Estonia', 372),
(69, 'ET', 'Ethiopia', 251),
(70, 'XA', 'External Territories of Australia', 61),
(71, 'FK', 'Falkland Islands', 500),
(72, 'FO', 'Faroe Islands', 298),
(73, 'FJ', 'Fiji Islands', 679),
(74, 'FI', 'Finland', 358),
(75, 'FR', 'France', 33),
(76, 'GF', 'French Guiana', 594),
(77, 'PF', 'French Polynesia', 689),
(78, 'TF', 'French Southern Territories', 0),
(79, 'GA', 'Gabon', 241),
(80, 'GM', 'Gambia The', 220),
(81, 'GE', 'Georgia', 995),
(82, 'DE', 'Germany', 49),
(83, 'GH', 'Ghana', 233),
(84, 'GI', 'Gibraltar', 350),
(85, 'GR', 'Greece', 30),
(86, 'GL', 'Greenland', 299),
(87, 'GD', 'Grenada', 1473),
(88, 'GP', 'Guadeloupe', 590),
(89, 'GU', 'Guam', 1671),
(90, 'GT', 'Guatemala', 502),
(91, 'XU', 'Guernsey and Alderney', 44),
(92, 'GN', 'Guinea', 224),
(93, 'GW', 'Guinea-Bissau', 245),
(94, 'GY', 'Guyana', 592),
(95, 'HT', 'Haiti', 509),
(96, 'HM', 'Heard and McDonald Islands', 0),
(97, 'HN', 'Honduras', 504),
(98, 'HK', 'Hong Kong S.A.R.', 852),
(99, 'HU', 'Hungary', 36),
(100, 'IS', 'Iceland', 354),
(101, 'IN', 'India', 91),
(102, 'ID', 'Indonesia', 62),
(103, 'IR', 'Iran', 98),
(104, 'IQ', 'Iraq', 964),
(105, 'IE', 'Ireland', 353),
(106, 'IL', 'Israel', 972),
(107, 'IT', 'Italy', 39),
(108, 'JM', 'Jamaica', 1876),
(109, 'JP', 'Japan', 81),
(110, 'XJ', 'Jersey', 44),
(111, 'JO', 'Jordan', 962),
(112, 'KZ', 'Kazakhstan', 7),
(113, 'KE', 'Kenya', 254),
(114, 'KI', 'Kiribati', 686),
(115, 'KP', 'Korea North', 850),
(116, 'KR', 'Korea South', 82),
(117, 'KW', 'Kuwait', 965),
(118, 'KG', 'Kyrgyzstan', 996),
(119, 'LA', 'Laos', 856),
(120, 'LV', 'Latvia', 371),
(121, 'LB', 'Lebanon', 961),
(122, 'LS', 'Lesotho', 266),
(123, 'LR', 'Liberia', 231),
(124, 'LY', 'Libya', 218),
(125, 'LI', 'Liechtenstein', 423),
(126, 'LT', 'Lithuania', 370),
(127, 'LU', 'Luxembourg', 352),
(128, 'MO', 'Macau S.A.R.', 853),
(129, 'MK', 'Macedonia', 389),
(130, 'MG', 'Madagascar', 261),
(131, 'MW', 'Malawi', 265),
(132, 'MY', 'Malaysia', 60),
(133, 'MV', 'Maldives', 960),
(134, 'ML', 'Mali', 223),
(135, 'MT', 'Malta', 356),
(136, 'XM', 'Man (Isle of)', 44),
(137, 'MH', 'Marshall Islands', 692),
(138, 'MQ', 'Martinique', 596),
(139, 'MR', 'Mauritania', 222),
(140, 'MU', 'Mauritius', 230),
(141, 'YT', 'Mayotte', 269),
(142, 'MX', 'Mexico', 52),
(143, 'FM', 'Micronesia', 691),
(144, 'MD', 'Moldova', 373),
(145, 'MC', 'Monaco', 377),
(146, 'MN', 'Mongolia', 976),
(147, 'MS', 'Montserrat', 1664),
(148, 'MA', 'Morocco', 212),
(149, 'MZ', 'Mozambique', 258),
(150, 'MM', 'Myanmar', 95),
(151, 'NA', 'Namibia', 264),
(152, 'NR', 'Nauru', 674),
(153, 'NP', 'Nepal', 977),
(154, 'AN', 'Netherlands Antilles', 599),
(155, 'NL', 'Netherlands The', 31),
(156, 'NC', 'New Caledonia', 687),
(157, 'NZ', 'New Zealand', 64),
(158, 'NI', 'Nicaragua', 505),
(159, 'NE', 'Niger', 227),
(160, 'NG', 'Nigeria', 234),
(161, 'NU', 'Niue', 683),
(162, 'NF', 'Norfolk Island', 672),
(163, 'MP', 'Northern Mariana Islands', 1670),
(164, 'NO', 'Norway', 47),
(165, 'OM', 'Oman', 968),
(166, 'PK', 'Pakistan', 92),
(167, 'PW', 'Palau', 680),
(168, 'PS', 'Palestinian Territory Occupied', 970),
(169, 'PA', 'Panama', 507),
(170, 'PG', 'Papua new Guinea', 675),
(171, 'PY', 'Paraguay', 595),
(172, 'PE', 'Peru', 51),
(173, 'PH', 'Philippines', 63),
(174, 'PN', 'Pitcairn Island', 0),
(175, 'PL', 'Poland', 48),
(176, 'PT', 'Portugal', 351),
(177, 'PR', 'Puerto Rico', 1787),
(178, 'QA', 'Qatar', 974),
(179, 'RE', 'Reunion', 262),
(180, 'RO', 'Romania', 40),
(181, 'RU', 'Russia', 70),
(182, 'RW', 'Rwanda', 250),
(183, 'SH', 'Saint Helena', 290),
(184, 'KN', 'Saint Kitts And Nevis', 1869),
(185, 'LC', 'Saint Lucia', 1758),
(186, 'PM', 'Saint Pierre and Miquelon', 508),
(187, 'VC', 'Saint Vincent And The Grenadines', 1784),
(188, 'WS', 'Samoa', 684),
(189, 'SM', 'San Marino', 378),
(190, 'ST', 'Sao Tome and Principe', 239),
(191, 'SA', 'Saudi Arabia', 966),
(192, 'SN', 'Senegal', 221),
(193, 'RS', 'Serbia', 381),
(194, 'SC', 'Seychelles', 248),
(195, 'SL', 'Sierra Leone', 232),
(196, 'SG', 'Singapore', 65),
(197, 'SK', 'Slovakia', 421),
(198, 'SI', 'Slovenia', 386),
(199, 'XG', 'Smaller Territories of the UK', 44),
(200, 'SB', 'Solomon Islands', 677),
(201, 'SO', 'Somalia', 252),
(202, 'ZA', 'South Africa', 27),
(203, 'GS', 'South Georgia', 0),
(204, 'SS', 'South Sudan', 211),
(205, 'ES', 'Spain', 34),
(206, 'LK', 'Sri Lanka', 94),
(207, 'SD', 'Sudan', 249),
(208, 'SR', 'Suriname', 597),
(209, 'SJ', 'Svalbard And Jan Mayen Islands', 47),
(210, 'SZ', 'Swaziland', 268),
(211, 'SE', 'Sweden', 46),
(212, 'CH', 'Switzerland', 41),
(213, 'SY', 'Syria', 963),
(214, 'TW', 'Taiwan', 886),
(215, 'TJ', 'Tajikistan', 992),
(216, 'TZ', 'Tanzania', 255),
(217, 'TH', 'Thailand', 66),
(218, 'TG', 'Togo', 228),
(219, 'TK', 'Tokelau', 690),
(220, 'TO', 'Tonga', 676),
(221, 'TT', 'Trinidad And Tobago', 1868),
(222, 'TN', 'Tunisia', 216),
(223, 'TR', 'Turkey', 90),
(224, 'TM', 'Turkmenistan', 7370),
(225, 'TC', 'Turks And Caicos Islands', 1649),
(226, 'TV', 'Tuvalu', 688),
(227, 'UG', 'Uganda', 256),
(228, 'UA', 'Ukraine', 380),
(229, 'AE', 'United Arab Emirates', 971),
(230, 'GB', 'United Kingdom', 44),
(231, 'US', 'United States', 1),
(232, 'UM', 'United States Minor Outlying Islands', 1),
(233, 'UY', 'Uruguay', 598),
(234, 'UZ', 'Uzbekistan', 998),
(235, 'VU', 'Vanuatu', 678),
(236, 'VA', 'Vatican City State (Holy See)', 39),
(237, 'VE', 'Venezuela', 58),
(238, 'VN', 'Vietnam', 84),
(239, 'VG', 'Virgin Islands (British)', 1284),
(240, 'VI', 'Virgin Islands (US)', 1340),
(241, 'WF', 'Wallis And Futuna Islands', 681),
(242, 'EH', 'Western Sahara', 212),
(243, 'YE', 'Yemen', 967),
(244, 'YU', 'Yugoslavia', 38),
(245, 'ZM', 'Zambia', 260),
(246, 'ZW', 'Zimbabwe', 263);

-- --------------------------------------------------------

--
-- Table structure for table `departments`
--

CREATE TABLE `departments` (
  `id` bigint(20) UNSIGNED NOT NULL,
  `name` varchar(255) DEFAULT NULL,
  `status` int(11) NOT NULL DEFAULT 0,
  `created_at` timestamp NULL DEFAULT NULL,
  `updated_at` timestamp NULL DEFAULT NULL
) ENGINE=InnoDB DEFAULT CHARSET=utf8mb4 COLLATE=utf8mb4_unicode_ci;

--
-- Dumping data for table `departments`
--

INSERT INTO `departments` (`id`, `name`, `status`, `created_at`, `updated_at`) VALUES
(1, 'PHP', 1, '2023-10-26 05:56:43', '2023-10-27 05:49:47'),
(2, 'HR', 1, '2023-10-31 06:30:53', '2024-08-08 07:10:16'),
(3, 'Mobile Developer', 1, '2023-10-31 06:31:36', '2023-10-31 06:31:36'),
(4, 'Operations', 0, '2024-06-02 04:01:30', '2024-06-02 04:01:58'),
(5, 'Accounts', 0, '2024-06-02 04:01:42', '2024-08-08 07:10:14'),
(7, 'AJ', 1, '2024-09-13 07:26:46', '2024-09-13 07:27:03'),
(8, 'Sale', 1, '2024-09-13 07:30:12', '2024-09-13 07:30:12'),
(9, 'Xyz', 1, '2024-09-13 07:47:33', '2024-09-13 07:47:33'),
(10, 'Sales', 1, '2024-09-21 21:20:49', '2024-09-22 00:27:54'),
(11, 'Marketing', 1, '2024-09-21 21:21:06', '2024-09-21 21:21:06');

-- --------------------------------------------------------

--
-- Table structure for table `developments`
--

CREATE TABLE `developments` (
  `id` int(11) NOT NULL,
  `title` varchar(255) DEFAULT NULL,
  `status` varchar(255) DEFAULT NULL,
  `discription` text DEFAULT NULL,
  `time` varchar(255) DEFAULT NULL,
  `total_progress` varchar(255) DEFAULT NULL,
  `user_id` int(11) DEFAULT NULL,
  `created_at` datetime NOT NULL,
  `updated_at` datetime NOT NULL
) ENGINE=InnoDB DEFAULT CHARSET=utf8mb4 COLLATE=utf8mb4_general_ci;

--
-- Dumping data for table `developments`
--

INSERT INTO `developments` (`id`, `title`, `status`, `discription`, `time`, `total_progress`, `user_id`, `created_at`, `updated_at`) VALUES
(1, 'ds', 'Archived', 'f', '1723115095', 'NaN', 4, '2024-08-08 11:05:08', '2024-08-08 11:05:08'),
(2, 'test', 'Active', 'tesset', '1726574814', '32', 21, '2024-09-17 12:07:30', '2024-10-05 08:09:53');

-- --------------------------------------------------------

--
-- Table structure for table `disciplinary_action_type`
--

CREATE TABLE `disciplinary_action_type` (
  `id` int(11) NOT NULL,
  `action_type` varchar(255) DEFAULT NULL,
  `status` int(11) DEFAULT NULL,
  `created_at` timestamp NULL DEFAULT NULL,
  `updated_at` timestamp NULL DEFAULT NULL
) ENGINE=InnoDB DEFAULT CHARSET=utf8mb4 COLLATE=utf8mb4_general_ci;

--
-- Dumping data for table `disciplinary_action_type`
--

INSERT INTO `disciplinary_action_type` (`id`, `action_type`, `status`, `created_at`, `updated_at`) VALUES
(3, 'tesst', 1, '2024-10-02 05:15:30', '2024-10-02 05:18:44');

-- --------------------------------------------------------

--
-- Table structure for table `disciplinary_letters`
--

CREATE TABLE `disciplinary_letters` (
  `id` bigint(20) UNSIGNED NOT NULL,
  `title` varchar(255) DEFAULT NULL,
  `issue_date` varchar(255) DEFAULT NULL,
  `department_id` int(11) DEFAULT NULL,
  `action_type_id` int(11) DEFAULT NULL,
  `file` text DEFAULT NULL,
  `created_at` timestamp NULL DEFAULT NULL,
  `updated_at` timestamp NULL DEFAULT NULL
) ENGINE=InnoDB DEFAULT CHARSET=utf8mb4 COLLATE=utf8mb4_unicode_ci;

--
-- Dumping data for table `disciplinary_letters`
--

INSERT INTO `disciplinary_letters` (`id`, `title`, `issue_date`, `department_id`, `action_type_id`, `file`, `created_at`, `updated_at`) VALUES
(1, 'test disciplainary', NULL, NULL, NULL, '1723114546.pdf', '2024-08-08 05:25:46', '2024-08-08 05:25:46'),
(2, 'tetst', NULL, NULL, NULL, '1727783440.pdf', '2024-10-01 06:20:40', '2024-10-01 06:20:40'),
(3, 'hello code', '2024-10-02', 3, 2, '1727783815.pdf', '2024-10-01 06:26:55', '2024-10-01 06:26:55');

-- --------------------------------------------------------

--
-- Table structure for table `documents`
--

CREATE TABLE `documents` (
  `id` int(11) NOT NULL,
  `doc_name` varchar(255) NOT NULL,
  `category_id` int(11) NOT NULL,
  `file` varchar(255) DEFAULT NULL,
  `status` varchar(255) DEFAULT NULL,
  `created_at` varchar(255) CHARACTER SET utf8mb4 COLLATE utf8mb4_general_ci DEFAULT NULL,
  `updated_at` varchar(255) CHARACTER SET utf8mb4 COLLATE utf8mb4_general_ci DEFAULT NULL
) ENGINE=InnoDB DEFAULT CHARSET=latin1 COLLATE=latin1_swedish_ci;

--
-- Dumping data for table `documents`
--

INSERT INTO `documents` (`id`, `doc_name`, `category_id`, `file`, `status`, `created_at`, `updated_at`) VALUES
(1, 'testing', 1, '1723115318_1719585335.jpg', '1', '2024-08-08 11:08:39', '2024-08-08 11:08:39');

-- --------------------------------------------------------

--
-- Table structure for table `document_categories`
--

CREATE TABLE `document_categories` (
  `id` int(11) NOT NULL,
  `title` varchar(30) NOT NULL,
  `status` varchar(255) NOT NULL,
  `created_at` datetime(6) NOT NULL DEFAULT current_timestamp(6),
  `updated_at` datetime(6) NOT NULL DEFAULT current_timestamp(6)
) ENGINE=InnoDB DEFAULT CHARSET=latin1 COLLATE=latin1_swedish_ci;

--
-- Dumping data for table `document_categories`
--

INSERT INTO `document_categories` (`id`, `title`, `status`, `created_at`, `updated_at`) VALUES
(1, 'test', '0', '2024-08-08 11:01:39.000000', '2024-09-30 07:34:11.000000');

-- --------------------------------------------------------

--
-- Table structure for table `educations`
--

CREATE TABLE `educations` (
  `id` bigint(20) UNSIGNED NOT NULL,
  `employee_id` bigint(20) UNSIGNED DEFAULT NULL,
  `qualification` varchar(255) DEFAULT NULL,
  `percentage` int(11) DEFAULT NULL,
  `passing_year` int(11) DEFAULT NULL,
  `created_at` timestamp NULL DEFAULT current_timestamp(),
  `updated_at` timestamp NULL DEFAULT current_timestamp() ON UPDATE current_timestamp()
) ENGINE=MyISAM DEFAULT CHARSET=latin1 COLLATE=latin1_swedish_ci;

-- --------------------------------------------------------

--
-- Table structure for table `emergency_contacts`
--

CREATE TABLE `emergency_contacts` (
  `id` bigint(20) UNSIGNED NOT NULL,
  `name` varchar(255) DEFAULT NULL,
  `number` varchar(255) DEFAULT NULL,
  `relation` varchar(255) DEFAULT NULL,
  `user_id` bigint(20) UNSIGNED DEFAULT NULL,
  `created_at` timestamp NULL DEFAULT NULL,
  `updated_at` timestamp NULL DEFAULT NULL
) ENGINE=InnoDB DEFAULT CHARSET=utf8mb4 COLLATE=utf8mb4_unicode_ci;

--
-- Dumping data for table `emergency_contacts`
--

INSERT INTO `emergency_contacts` (`id`, `name`, `number`, `relation`, `user_id`, `created_at`, `updated_at`) VALUES
(1, 'test2', '7985625896', 'Partner', 3, '2024-08-08 07:58:56', '2024-08-08 07:58:56'),
(2, 'test2', '7985625896', 'Spouse', 2, '2024-08-08 23:34:15', '2024-08-08 23:34:15'),
(4, '800', 'Deserunt aperiam qua', 'Partner', 20, '2024-09-06 06:38:00', '2024-09-06 06:38:00'),
(10, 'James Victor', '647484899', 'Spouse', 22, '2024-09-21 22:07:56', '2024-09-22 21:38:37'),
(15, 'jack main', '2768536', 'Friend', 1, '2024-09-22 10:33:31', '2024-09-22 10:33:31'),
(16, '2768536', 'Mary Marie', 'Parent', 23, '2024-09-22 21:40:51', '2024-09-22 21:40:51'),
(22, '64758589', 'peter', 'Spouse', 19, '2024-09-24 20:44:49', '2024-09-24 20:44:49'),
(23, 'Cosette', '2515427', 'Spouse', 16, '2024-09-27 15:01:47', '2024-09-27 15:01:47');

-- --------------------------------------------------------

--
-- Table structure for table `failed_jobs`
--

CREATE TABLE `failed_jobs` (
  `id` bigint(20) UNSIGNED NOT NULL,
  `uuid` varchar(255) NOT NULL,
  `connection` text NOT NULL,
  `queue` text NOT NULL,
  `payload` longtext NOT NULL,
  `exception` longtext NOT NULL,
  `failed_at` timestamp NOT NULL DEFAULT current_timestamp()
) ENGINE=InnoDB DEFAULT CHARSET=utf8mb4 COLLATE=utf8mb4_unicode_ci;

-- --------------------------------------------------------

--
-- Table structure for table `goals`
--

CREATE TABLE `goals` (
  `id` int(11) NOT NULL,
  `title` varchar(255) DEFAULT NULL,
  `status` int(11) DEFAULT NULL,
  `role_id` int(11) DEFAULT NULL,
  `description` text DEFAULT NULL,
  `deadline` varchar(255) DEFAULT NULL,
  `category` varchar(255) DEFAULT NULL,
  `review_cycle` varchar(255) DEFAULT NULL,
  `tracking` varchar(255) DEFAULT NULL,
  `time` varchar(255) DEFAULT NULL,
  `totalprogressbar` varchar(255) DEFAULT NULL,
  `user_id` int(11) DEFAULT NULL,
  `type` varchar(255) DEFAULT NULL,
  `manager_id` int(11) DEFAULT NULL,
  `created_at` datetime NOT NULL DEFAULT current_timestamp(),
  `updated_at` datetime NOT NULL DEFAULT current_timestamp()
) ENGINE=InnoDB DEFAULT CHARSET=utf8mb4 COLLATE=utf8mb4_general_ci;

--
-- Dumping data for table `goals`
--

INSERT INTO `goals` (`id`, `title`, `status`, `role_id`, `description`, `deadline`, `category`, `review_cycle`, `tracking`, `time`, `totalprogressbar`, `user_id`, `type`, `manager_id`, `created_at`, `updated_at`) VALUES
(1, 'test', 5, NULL, 'test', '2024-08-08', '4', '7', NULL, '1723114478', '25', 4, 'Individual', 4, '2024-08-08 10:55:14', '2024-08-08 10:56:50'),
(2, 'Finish All reports', 5, NULL, 'finish all 6 reports for deparment', '2024-08-31', '7', '7', NULL, '1723358435', '100', 16, 'Individual', 4, '2024-08-11 06:42:03', '2024-09-21 11:56:50'),
(3, 'Do Security Training', 5, NULL, 'do it policy training with all staff', '2024-10-31', '6', '7', NULL, '1723358528', '50', 16, 'Individual', 4, '2024-08-11 06:46:20', '2024-08-11 06:46:20'),
(4, 'Analyze business requirements and customer needs for Q3', 6, NULL, 'Analyze business requirements and customer needs for Q3', '2024-11-29', '5', '8', NULL, '1724231354', '32', 19, 'Individual', 17, '2024-08-21 09:11:24', '2024-10-05 07:49:10'),
(5, 'Update cargo handling operations maunal', 5, NULL, 'Update cargo handling operations manual', '2024-12-13', '5', '8', NULL, '1724231488', '50', 19, 'Individual', 17, '2024-08-21 09:13:21', '2024-08-21 09:13:21'),
(6, 'Prepare and submit operational reports', 5, NULL, 'Prepare and submit operational reports', '2024-10-25', '8', '8', NULL, '1724231606', '100', 19, 'Individual', 17, '2024-08-21 09:14:30', '2024-09-21 11:57:46'),
(7, 'test', 5, NULL, 'test', '2024-08-23', '6', '7', NULL, '1724390190', '0', 7, NULL, NULL, '2024-08-23 05:16:57', '2024-09-21 11:59:10'),
(8, 'test test', 8, NULL, 'er', NULL, '5', '7', NULL, '1724390729', '39.393939393939', 1, 'Individual', 4, '2024-08-23 05:25:55', '2024-10-04 09:56:33'),
(9, 'test', 5, NULL, 'test', '2024-09-03', '5', '7', NULL, '1725345802', '43', 1, 'Individual', 4, '2024-09-03 06:44:06', '2024-10-05 08:15:59'),
(10, 'excel training', 4, NULL, 'complete excel level 3', '2024-11-13', '8', '8', NULL, '1725990083', '0', 16, NULL, NULL, '2024-09-10 17:43:01', '2024-09-10 17:43:01'),
(11, 'Tester', 4, NULL, 'Test test test', NULL, '6', '7', NULL, '1726571998', '29', 21, NULL, NULL, '2024-09-17 11:26:12', '2024-10-05 07:50:21'),
(13, 'Increase sales revenue by 15% in the next quarter.', 5, NULL, 'Increase sales revenue by 15% in the next quarter.', '2024-10-31', '7', '7', NULL, '1726940744', '0', 23, 'Individual', 22, '2024-09-21 17:46:45', '2024-09-21 17:46:45'),
(14, 'Increase customer acquisition rate by 10%.', 6, NULL, 'Increase customer acquisition rate by 10%.', '2024-11-20', '7', '7', NULL, '1726940830', '60', 23, 'Individual', 22, '2024-09-21 17:47:55', '2024-09-21 17:47:55'),
(15, 'Make 10 cold calls per month.', 6, NULL, 'Make 10 cold calls per month to acquire new customers', '2024-10-31', '7', '8', NULL, '1726940988', '37.5', 23, 'Individual', 22, '2024-09-21 17:55:01', '2024-09-21 17:55:01'),
(16, 'make 10 cold calls per week', 5, NULL, 'make 10 cold calls per week', '2024-10-26', '4', '7', NULL, '1727010196', '33', 23, 'Individual', 22, '2024-09-22 13:04:32', '2024-10-05 07:50:04'),
(17, 'testing', 5, NULL, 'test', '2024-10-05', '5', '7', NULL, '1728035641', '22', 1, 'Individual', NULL, '2024-10-04 09:55:03', '2024-10-04 09:55:03');

-- --------------------------------------------------------

--
-- Table structure for table `goal_categories`
--

CREATE TABLE `goal_categories` (
  `id` bigint(20) UNSIGNED NOT NULL,
  `title` varchar(255) DEFAULT NULL,
  `status` tinyint(4) DEFAULT NULL,
  `created_at` timestamp NULL DEFAULT NULL,
  `updated_at` timestamp NULL DEFAULT NULL
) ENGINE=InnoDB DEFAULT CHARSET=utf8mb4 COLLATE=utf8mb4_unicode_ci;

--
-- Dumping data for table `goal_categories`
--

INSERT INTO `goal_categories` (`id`, `title`, `status`, `created_at`, `updated_at`) VALUES
(4, 'Customer experience', 1, '2024-08-04 04:03:38', '2024-09-30 02:17:23'),
(5, 'Employee engagement', 1, '2024-08-04 04:03:49', '2024-08-04 04:03:49'),
(6, 'Leadership development', 1, '2024-08-04 04:04:00', '2024-08-04 04:04:00'),
(7, 'Operational excellence', 0, '2024-08-04 04:04:12', '2024-09-30 02:17:26'),
(8, 'Personal development', 1, '2024-08-04 04:04:25', '2024-09-30 02:18:52');

-- --------------------------------------------------------

--
-- Table structure for table `goal_reviews`
--

CREATE TABLE `goal_reviews` (
  `id` int(11) NOT NULL,
  `employee_id` int(11) DEFAULT NULL,
  `self_review` int(11) DEFAULT 0,
  `manager_review` int(11) DEFAULT 0,
  `review_cycle_id` int(11) DEFAULT NULL,
  `input_type_id` int(11) DEFAULT NULL,
  `input_type_name` varchar(255) DEFAULT NULL,
  `rating_id` int(11) DEFAULT NULL,
  `manager_id` int(11) DEFAULT NULL,
  `self_review_submitted` varchar(255) DEFAULT NULL,
  `manager_review_submitted` varchar(255) DEFAULT NULL,
  `goalcomment_id` int(11) DEFAULT 0,
  `created_at` timestamp NOT NULL DEFAULT current_timestamp() ON UPDATE current_timestamp(),
  `updated_at` timestamp NOT NULL DEFAULT current_timestamp()
) ENGINE=InnoDB DEFAULT CHARSET=utf8mb4 COLLATE=utf8mb4_general_ci;

--
-- Dumping data for table `goal_reviews`
--

INSERT INTO `goal_reviews` (`id`, `employee_id`, `self_review`, `manager_review`, `review_cycle_id`, `input_type_id`, `input_type_name`, `rating_id`, `manager_id`, `self_review_submitted`, `manager_review_submitted`, `goalcomment_id`, `created_at`, `updated_at`) VALUES
(10, 1, 1, 1, 7, 11, 'goal', 1, 4, '2024-09-03 06:46:29 AM', '2024-09-03 06:47:18 AM', 1, '2024-09-03 06:47:18', '2024-09-03 01:17:18'),
(11, 1, 1, 1, 7, 12, 'responsibility', 1, 4, '2024-09-03 06:53:44 AM', '2024-09-03 06:54:40 AM', 1, '2024-09-03 06:54:40', '2024-09-03 01:24:40'),
(12, 1, 1, 1, 7, 11, 'goal', 1, 4, '2024-09-03 07:37:53 AM', '2024-09-03 07:38:52 AM', 1, '2024-09-03 07:38:52', '2024-09-03 02:08:52'),
(15, 19, 0, 0, 8, 11, NULL, 1, NULL, NULL, NULL, 1, '2024-09-10 11:45:04', '2024-09-10 11:45:04'),
(20, 1, 1, 0, 8, 11, 'goal', 6, 4, '2024-09-17 11:48:01 AM', NULL, 1, '2024-09-17 11:48:01', '2024-09-17 06:18:01'),
(22, 1, 1, 1, 7, 11, 'goal', 8, 22, '2024-09-22 04:48:19 AM', '2024-09-22 04:50:07 AM', 1, '2024-09-22 04:50:07', '2024-09-22 11:50:07'),
(23, 23, 1, 1, 8, 11, 'goal', 8, 22, '2024-09-22 01:07:34 PM', '2024-09-22 01:09:06 PM', 1, '2024-09-22 13:09:06', '2024-09-22 20:09:06'),
(25, 23, 1, 1, 7, 11, 'goal', 8, 22, '2024-09-22 05:54:14 PM', '2024-09-22 05:55:37 PM', 1, '2024-09-22 17:55:37', '2024-09-23 00:55:37'),
(26, 1, 0, 0, 7, 11, NULL, 1, NULL, NULL, NULL, NULL, '2024-09-30 02:23:48', '2024-09-30 02:23:48');

-- --------------------------------------------------------

--
-- Table structure for table `goal_review_stores`
--

CREATE TABLE `goal_review_stores` (
  `id` int(11) NOT NULL,
  `goal_review_id` int(11) DEFAULT NULL,
  `que_employ_value` varchar(255) DEFAULT NULL,
  `que_manager_value` varchar(255) DEFAULT NULL,
  `employ_id` int(11) DEFAULT NULL,
  `manager_id` int(11) DEFAULT NULL,
  `que_self_rating` int(11) DEFAULT NULL,
  `que_manager_rating` int(11) DEFAULT NULL,
  `goal_id` int(11) DEFAULT NULL,
  `goal_comments` varchar(255) DEFAULT NULL,
  `manager_comment` varchar(255) DEFAULT NULL,
  `created_at` timestamp NULL DEFAULT NULL,
  `updated_at` timestamp NULL DEFAULT NULL
) ENGINE=InnoDB DEFAULT CHARSET=utf8mb4 COLLATE=utf8mb4_general_ci;

--
-- Dumping data for table `goal_review_stores`
--

INSERT INTO `goal_review_stores` (`id`, `goal_review_id`, `que_employ_value`, `que_manager_value`, `employ_id`, `manager_id`, `que_self_rating`, `que_manager_rating`, `goal_id`, `goal_comments`, `manager_comment`, `created_at`, `updated_at`) VALUES
(15, 10, 'Below Expectations', 'Needs Improvement', 1, 4, 1, NULL, 8, 'test 2', 'test 2', '2024-09-03 01:16:29', '2024-09-03 01:17:18'),
(16, 10, 'Needs Improvement', 'Exceeds Expectations', 1, 4, 1, NULL, 9, 'test 2', 'test test', '2024-09-03 01:16:29', '2024-09-03 01:17:18'),
(17, 11, 'Needs Improvement', 'Exceeds Expectations', 1, 4, 1, 1, 2, 'res', 'res test 1', '2024-09-03 01:23:44', '2024-09-03 01:24:40'),
(18, 11, 'Meets Expectations', 'Needs Improvement', 1, 4, 1, 1, 3, 'res 1', 'res test 2', '2024-09-03 01:23:44', '2024-09-03 01:24:40'),
(19, 12, 'Needs Improvement', 'Exceeds Expectations', 1, 4, 1, NULL, 8, NULL, 'sdf', '2024-09-03 02:07:53', '2024-09-03 02:08:52'),
(20, 12, 'Meets Expectations', 'Below Expectations', 1, 4, 1, NULL, 9, NULL, NULL, '2024-09-03 02:07:53', '2024-09-03 02:08:52'),
(21, 20, '2', NULL, 1, 4, 6, NULL, 8, 'test', NULL, '2024-09-17 06:18:01', '2024-09-17 06:18:01'),
(22, 20, '3', NULL, 1, 4, 6, NULL, 9, 'test', NULL, '2024-09-17 06:18:01', '2024-09-17 06:18:01'),
(23, 22, 'Good', 'Fair', 1, 22, 8, NULL, 8, 'i did not get much resources to complete the task at hand in time', 'should have ask your line manager for resources', '2024-09-22 11:48:19', '2024-09-22 11:50:07'),
(24, 22, 'Excellent', 'Satisfactory', 1, 22, 8, NULL, 9, 'i completed all the task at hand', 'the work was not done properly there are still some task pending', '2024-09-22 11:48:19', '2024-09-22 11:50:07'),
(25, 23, 'Good', 'Satisfactory', 23, 22, 8, NULL, 13, 'all done with this task', 'should work harder', '2024-09-22 20:07:34', '2024-09-22 20:09:06'),
(26, 23, 'Satisfactory', 'Fair', 23, 22, 8, NULL, 14, 'no comments', 'need to improve', '2024-09-22 20:07:34', '2024-09-22 20:09:06'),
(27, 23, 'Satisfactory', 'Fair', 23, 22, 8, NULL, 15, 'i did only 5', 'need to make 10', '2024-09-22 20:07:34', '2024-09-22 20:09:06'),
(28, 23, 'Fair', 'Poor', 23, 22, 8, NULL, 16, 'still working on it', 'work harder', '2024-09-22 20:07:34', '2024-09-22 20:09:06'),
(29, 25, 'Good', 'Satisfactory', 23, 22, 8, NULL, 13, 'Best efforts applied', 'Need to try harder', '2024-09-23 00:54:14', '2024-09-23 00:55:37'),
(30, 25, 'Satisfactory', 'Fair', 23, 22, 8, NULL, 14, 'Best efforts applied', 'Need to try harder', '2024-09-23 00:54:14', '2024-09-23 00:55:37'),
(31, 25, 'Satisfactory', 'Satisfactory', 23, 22, 8, NULL, 15, 'Best efforts applied', 'agreed', '2024-09-23 00:54:14', '2024-09-23 00:55:37'),
(32, 25, 'Good', 'Excellent', 23, 22, 8, NULL, 16, 'Best efforts applied', 'very good', '2024-09-23 00:54:14', '2024-09-23 00:55:37');

-- --------------------------------------------------------

--
-- Table structure for table `goal_statuses`
--

CREATE TABLE `goal_statuses` (
  `id` bigint(20) UNSIGNED NOT NULL,
  `title` varchar(255) DEFAULT NULL,
  `status` tinyint(4) DEFAULT NULL,
  `background_color` varchar(255) DEFAULT NULL,
  `label_color` varchar(255) DEFAULT NULL,
  `created_at` timestamp NULL DEFAULT NULL,
  `updated_at` timestamp NULL DEFAULT NULL
) ENGINE=InnoDB DEFAULT CHARSET=utf8mb4 COLLATE=utf8mb4_unicode_ci;

--
-- Dumping data for table `goal_statuses`
--

INSERT INTO `goal_statuses` (`id`, `title`, `status`, `background_color`, `label_color`, `created_at`, `updated_at`) VALUES
(4, 'New', 1, '#2a2727', '#fff', '2024-08-04 03:59:27', '2024-08-04 04:00:06'),
(5, 'In Progress', 1, '#5367ca', '#ffffff', '2024-08-04 04:00:48', '2024-08-04 04:00:48'),
(6, 'Partially Achieved', 1, '#ffa629', '#ffffff', '2024-08-04 04:01:32', '2024-08-04 04:01:32'),
(7, 'Not Achieved', 1, '#f33535', '#ffffff', '2024-08-04 04:02:08', '2024-08-04 04:02:08'),
(8, 'Differed', 1, '#a8a4a4', '#ffffff', '2024-08-04 04:02:34', '2024-08-04 04:02:34'),
(9, 'Achieved', 1, '#60f093', '#ffffff', '2024-08-04 04:02:57', '2024-08-04 04:02:57');

-- --------------------------------------------------------

--
-- Table structure for table `holidays`
--

CREATE TABLE `holidays` (
  `id` int(11) NOT NULL,
  `title` varchar(255) DEFAULT NULL,
  `date` varchar(255) DEFAULT NULL,
  `status` int(11) NOT NULL DEFAULT 0,
  `country` int(11) DEFAULT NULL,
  `color` varchar(255) DEFAULT NULL,
  `created_at` datetime NOT NULL DEFAULT current_timestamp(),
  `updated_at` datetime NOT NULL DEFAULT current_timestamp()
) ENGINE=InnoDB DEFAULT CHARSET=utf8mb4 COLLATE=utf8mb4_general_ci;

--
-- Dumping data for table `holidays`
--

INSERT INTO `holidays` (`id`, `title`, `date`, `status`, `country`, `color`, `created_at`, `updated_at`) VALUES
(1, 'Christmas', '2024-12-31', 0, 101, '#eeb95d', '2024-08-08 10:58:22', '2024-09-30 07:44:21'),
(2, '15 August', '2024-08-15', 1, 194, '#eeb95d', '2024-08-11 07:01:58', '2024-09-30 07:40:51'),
(5, 'New Year', '2024-01-01', 0, 194, '#eeb95d', '2024-09-21 17:40:14', '2024-09-30 07:45:04'),
(6, 'New Year', '2024-01-02', 1, 194, '#eeb95d', '2024-09-21 17:40:35', '2024-09-21 17:40:35');

-- --------------------------------------------------------

--
-- Table structure for table `input_types`
--

CREATE TABLE `input_types` (
  `id` bigint(20) UNSIGNED NOT NULL,
  `title` varchar(255) DEFAULT NULL,
  `slug` varchar(255) DEFAULT NULL,
  `name` text DEFAULT NULL,
  `type` varchar(255) DEFAULT NULL,
  `created_at` timestamp NULL DEFAULT NULL,
  `updated_at` timestamp NULL DEFAULT NULL
) ENGINE=InnoDB DEFAULT CHARSET=utf8mb4 COLLATE=utf8mb4_unicode_ci;

--
-- Dumping data for table `input_types`
--

INSERT INTO `input_types` (`id`, `title`, `slug`, `name`, `type`, `created_at`, `updated_at`) VALUES
(1, 'Input Text', 'input_text', 'input', 'text', '2024-04-26 08:17:02', '2024-04-26 08:17:02'),
(3, 'Input Number', 'input_number', 'input', 'number', '2024-04-26 03:16:55', '2024-04-26 03:16:55'),
(4, 'Input Email', 'input_email', 'input', 'email', '2024-04-26 03:16:55', '2024-04-26 03:16:55'),
(5, 'Textarea ', 'textarea', 'textarea', 'textarea', '2024-04-26 03:16:55', '2024-04-26 03:16:55'),
(6, 'Radio', 'radio', 'radio', 'radio', '2024-04-26 03:16:55', '2024-04-26 03:16:55'),
(7, 'Checkbox', 'checkbox', 'checkbox', 'checkbox', '2024-04-26 03:16:55', '2024-04-26 03:16:55'),
(8, 'Dropdown', 'dropdown', 'select', 'select', '2024-05-03 07:25:52', '2024-05-03 07:25:52'),
(9, 'Rating', 'rating', 'rating', 'radio', '2024-05-09 05:44:02', '2024-05-09 05:44:02'),
(10, 'Competency', 'competency', 'competency', 'competency', '2024-07-26 11:11:00', '2024-07-26 11:11:00'),
(11, 'Goal', 'goal', 'goal', 'goal', '2024-07-26 11:11:00', '2024-07-26 11:11:00'),
(12, 'Responsibility', 'responsibility', 'responsibility', 'responsibility', '2024-07-26 11:12:03', '2024-07-26 11:12:03'),
(13, 'Development', 'development', 'development', 'development', '2024-07-26 11:12:03', '2024-07-26 11:12:03');

-- --------------------------------------------------------

--
-- Table structure for table `key_results`
--

CREATE TABLE `key_results` (
  `id` bigint(20) UNSIGNED NOT NULL,
  `title` varchar(255) DEFAULT NULL,
  `traking` varchar(255) DEFAULT NULL,
  `traking_status` tinyint(4) DEFAULT NULL,
  `target` int(11) DEFAULT NULL,
  `start` int(11) DEFAULT NULL,
  `goal_id` tinyint(4) DEFAULT NULL,
  `current` int(11) DEFAULT NULL,
  `total_progress` varchar(255) DEFAULT NULL,
  `time` varchar(255) DEFAULT NULL,
  `competencies_id` int(11) DEFAULT NULL,
  `responsibilities_id` int(11) DEFAULT NULL,
  `developments_id` int(11) DEFAULT NULL,
  `created_at` timestamp NULL DEFAULT NULL,
  `updated_at` timestamp NULL DEFAULT NULL
) ENGINE=InnoDB DEFAULT CHARSET=utf8mb4 COLLATE=utf8mb4_unicode_ci;

--
-- Dumping data for table `key_results`
--

INSERT INTO `key_results` (`id`, `title`, `traking`, `traking_status`, `target`, `start`, `goal_id`, `current`, `total_progress`, `time`, `competencies_id`, `responsibilities_id`, `developments_id`, `created_at`, `updated_at`) VALUES
(1, 'test', 'Quantifiable traget', NULL, 100, 0, 1, 25, '25', '1723114478', NULL, NULL, NULL, '2024-08-08 05:26:47', '2024-08-08 05:26:50'),
(2, 'test', 'Quantifiable traget', NULL, 100, 0, NULL, 20, '20', '1723114897', NULL, 1, NULL, '2024-08-08 05:34:03', '2024-08-08 05:34:24'),
(3, 'finish all 6 reports', 'Milestone', 1, 100, 0, 2, 100, '100', '1723358435', NULL, NULL, NULL, '2024-08-11 01:11:59', '2024-09-21 06:26:48'),
(4, 'do safety online training', 'Milestone', 1, 100, 0, 3, 100, '100', '1723358528', NULL, NULL, NULL, '2024-08-11 01:15:45', '2024-08-11 01:16:20'),
(5, 'do email safety training', 'Milestone', NULL, 100, 0, 3, 0, '0', '1723358528', NULL, NULL, NULL, '2024-08-11 01:16:17', '2024-08-11 01:16:20'),
(6, 'Analyze business requirements and customer needs for Q3', 'Quantiflable traget', NULL, 100, 2, 4, 34, '33', '1724231354', NULL, NULL, NULL, '2024-08-21 03:41:21', '2024-10-05 01:48:14'),
(7, 'update all manuals', 'Quantifiable traget', NULL, 10, 0, 5, 5, '50', '1724231488', NULL, NULL, NULL, '2024-08-21 03:43:02', '2024-08-21 03:43:21'),
(8, 'Prepare and submit operational reports', 'Milestone', 1, 100, 0, 6, 100, '100', '1724231606', NULL, NULL, NULL, '2024-08-21 03:44:28', '2024-09-21 06:27:44'),
(10, 'test', 'Quantifiable traget', NULL, 100, 1, 8, 40, '39.393939393939', '1724390729', NULL, NULL, NULL, '2024-08-22 23:55:53', '2024-08-22 23:55:55'),
(11, 'test', 'Quantiflable traget', NULL, 100, 0, NULL, 20, '20', '1724395818', 2, NULL, NULL, '2024-08-23 01:20:52', '2024-08-23 01:20:54'),
(12, 'test', 'Quantiflable traget', NULL, 100, 1, 9, 44, '43', '1725345802', NULL, NULL, NULL, '2024-09-03 01:14:03', '2024-10-05 02:45:57'),
(13, 'test', 'Quantiflable traget', NULL, 100, 1, NULL, 28, '27', '1725346333', NULL, 2, NULL, '2024-09-03 01:22:37', '2024-10-05 02:33:15'),
(14, 'tes 2', 'Quantifiable traget', NULL, 100, 1, NULL, 25, '24.242424242424', '1725346367', NULL, 3, NULL, '2024-09-03 01:23:07', '2024-09-03 01:23:10'),
(15, 'complete excel level 3', 'Milestone', NULL, 100, 0, 10, 0, '0', '1725990083', NULL, NULL, NULL, '2024-09-10 12:12:53', '2024-09-10 12:13:01'),
(18, '45', 'Milestone', NULL, 100, 0, 11, 0, '0', '1726571998', NULL, NULL, NULL, '2024-09-17 06:06:15', '2024-09-17 06:06:22'),
(19, 'test', 'Milestone', NULL, 100, 0, NULL, 0, '0', '1726573057', 3, NULL, NULL, '2024-09-17 06:14:26', '2024-09-17 06:14:29'),
(20, 'test', 'Quantiflable traget', NULL, 100, 1, NULL, 34, '33', '1726574704', NULL, 4, NULL, '2024-09-17 06:36:26', '2024-10-05 02:35:38'),
(21, 'iuij', 'Quantiflable traget', NULL, 7, 0, 11, 4, '57.142857142857', '1726571998', NULL, NULL, NULL, '2024-09-17 06:39:44', '2024-09-17 06:40:19'),
(22, 'complete all reports', 'Milestone', NULL, 100, 0, 7, 0, '0', '1724390190', NULL, NULL, NULL, '2024-09-21 06:29:08', '2024-09-21 06:29:10'),
(23, 'Increase sales revenue by 15% in the next quarter.', 'Milestone', NULL, 100, 0, 13, 0, '0', '1726940744', NULL, NULL, NULL, '2024-09-22 00:46:40', '2024-09-22 00:46:45'),
(24, 'Increase customer acquisition rate by 10%.', 'Quantifiable traget', NULL, 10, 0, 14, 10, '100', '1726940830', NULL, NULL, NULL, '2024-09-22 00:47:51', '2024-09-23 14:14:15'),
(25, 'Make 10 cold calls per month.', 'Quantifiable traget', NULL, 40, 0, 15, 15, '37.5', '1726940988', NULL, NULL, NULL, '2024-09-22 00:54:33', '2024-09-22 00:55:01'),
(26, 'make 10 cold calls per week', 'Quantifiable traget', NULL, 30, 0, 16, 10, '33.333333333333', '1727010196', NULL, NULL, NULL, '2024-09-22 20:04:28', '2024-09-22 20:04:32'),
(27, 'sd', 'Quantiflable traget', NULL, 100, 1, NULL, 33, '32', '1727181379', NULL, NULL, NULL, '2024-09-24 19:36:32', '2024-09-24 19:36:32'),
(28, 'df', 'Quantiflable traget', NULL, 10, 1, 17, 3, '22', '1728035641', NULL, NULL, NULL, '2024-10-04 04:24:46', '2024-10-04 04:25:03'),
(29, '1', 'Quantiflable traget', NULL, 100, 1, 4, 32, '31', '1724231354', NULL, NULL, NULL, '2024-10-05 01:08:30', '2024-10-05 01:58:20'),
(30, 'test 2', 'Quantiflable traget', NULL, 100, 1, NULL, 32, '31', '1728112404', NULL, NULL, NULL, '2024-10-05 01:47:13', '2024-10-05 01:47:55'),
(32, 'qew', 'Quantiflable traget', NULL, 12, 1, NULL, 3, '18', '1728112816', NULL, NULL, NULL, '2024-10-05 01:50:33', '2024-10-05 01:54:24'),
(33, 'test', 'Quantiflable traget', NULL, 100, 1, NULL, 33, '32', '1728114842', 5, NULL, NULL, '2024-10-05 02:24:39', '2024-10-05 02:25:30'),
(34, 'ets', 'Quantiflable traget', NULL, 100, 1, NULL, 17, '16', '1728114842', 5, NULL, NULL, '2024-10-05 02:26:08', '2024-10-05 02:26:10'),
(35, 'test', 'Quantiflable traget', NULL, 100, 1, NULL, 33, '32', '1726574814', NULL, NULL, 2, '2024-10-05 02:39:47', '2024-10-05 02:39:53');

-- --------------------------------------------------------

--
-- Table structure for table `languages`
--

CREATE TABLE `languages` (
  `id` bigint(20) UNSIGNED NOT NULL,
  `name` varchar(255) DEFAULT NULL,
  `created_at` timestamp NULL DEFAULT current_timestamp(),
  `updated_at` timestamp NULL DEFAULT current_timestamp() ON UPDATE current_timestamp()
) ENGINE=MyISAM DEFAULT CHARSET=latin1 COLLATE=latin1_swedish_ci;

--
-- Dumping data for table `languages`
--

INSERT INTO `languages` (`id`, `name`, `created_at`, `updated_at`) VALUES
(2, 'Hindi', '2024-05-04 05:10:47', '2024-05-04 05:10:47'),
(3, 'English', '2024-05-04 05:11:03', '2024-05-04 05:11:03');

-- --------------------------------------------------------

--
-- Table structure for table `leave_requests`
--

CREATE TABLE `leave_requests` (
  `id` bigint(20) UNSIGNED NOT NULL,
  `leave_type` bigint(20) DEFAULT NULL,
  `employee_id` bigint(20) DEFAULT NULL,
  `description` text DEFAULT NULL,
  `start_date` varchar(255) DEFAULT NULL,
  `end_date` varchar(255) DEFAULT NULL,
  `file_id` varchar(255) DEFAULT NULL,
  `is_leave` int(11) NOT NULL DEFAULT 0 COMMENT '0-none,1-approve,2-declined',
  `comment` text DEFAULT NULL,
  `created_at` timestamp NULL DEFAULT NULL,
  `updated_at` timestamp NULL DEFAULT NULL
) ENGINE=InnoDB DEFAULT CHARSET=utf8mb4 COLLATE=utf8mb4_unicode_ci;

--
-- Dumping data for table `leave_requests`
--

INSERT INTO `leave_requests` (`id`, `leave_type`, `employee_id`, `description`, `start_date`, `end_date`, `file_id`, `is_leave`, `comment`, `created_at`, `updated_at`) VALUES
(1, 1, 16, NULL, '2024-08-09', '2024-08-13', NULL, 0, NULL, '2024-08-08 23:27:49', '2024-08-11 02:26:22'),
(2, 1, 16, 'going overseas trip', '2024-09-03', '2024-09-20', NULL, 1, NULL, '2024-08-11 01:25:19', '2024-08-11 01:27:21'),
(3, 4, 21, 'testtestetest', '2024-09-18', '2024-09-18', NULL, 0, NULL, '2024-09-17 07:18:05', '2024-09-17 07:18:05'),
(4, 4, 21, 'test', '2024-09-19', '2024-09-20', NULL, 0, NULL, '2024-09-17 07:23:49', '2024-09-17 07:23:49'),
(5, 1, 23, 'Going Overseas Trip', '2024-10-11', '2024-10-24', NULL, 1, NULL, '2024-09-22 00:42:42', '2024-09-22 00:43:13'),
(6, 1, 23, NULL, '2024-09-23', '2024-09-26', NULL, 1, NULL, '2024-09-22 18:20:22', '2024-09-22 18:23:00'),
(7, 5, 23, 'Sales Skills Exam', '2024-10-02', '2024-10-03', NULL, 0, NULL, '2024-09-22 18:22:34', '2024-09-22 18:22:34'),
(8, 1, 23, 'overseas trip', '2024-11-30', '2024-12-10', NULL, 1, NULL, '2024-09-22 20:00:41', '2024-09-22 20:01:27');

-- --------------------------------------------------------

--
-- Table structure for table `leave_schedules`
--

CREATE TABLE `leave_schedules` (
  `id` int(11) NOT NULL,
  `employee_id` int(11) NOT NULL,
  `date` varchar(255) NOT NULL,
  `leave_request_id` int(11) NOT NULL,
  `type` int(11) NOT NULL COMMENT 'all=1,half day morning=2,half day \r\nevening=3,other=4',
  `start_time` varchar(50) DEFAULT NULL,
  `end_time` varchar(50) DEFAULT NULL,
  `created_at` timestamp NOT NULL DEFAULT current_timestamp(),
  `updated_at` timestamp NOT NULL DEFAULT current_timestamp()
) ENGINE=InnoDB DEFAULT CHARSET=utf8mb4 COLLATE=utf8mb4_general_ci;

--
-- Dumping data for table `leave_schedules`
--

INSERT INTO `leave_schedules` (`id`, `employee_id`, `date`, `leave_request_id`, `type`, `start_time`, `end_time`, `created_at`, `updated_at`) VALUES
(3, 16, '2024-09-03', 2, 1, NULL, NULL, '2024-08-11 01:25:19', '2024-08-11 01:25:19'),
(4, 16, '2024-09-04', 2, 1, NULL, NULL, '2024-08-11 01:25:19', '2024-08-11 01:25:19'),
(5, 16, '2024-09-05', 2, 1, NULL, NULL, '2024-08-11 01:25:19', '2024-08-11 01:25:19'),
(6, 16, '2024-09-06', 2, 1, NULL, NULL, '2024-08-11 01:25:19', '2024-08-11 01:25:19'),
(7, 16, '2024-09-09', 2, 1, NULL, NULL, '2024-08-11 01:25:19', '2024-08-11 01:25:19'),
(8, 16, '2024-09-10', 2, 1, NULL, NULL, '2024-08-11 01:25:19', '2024-08-11 01:25:19'),
(9, 16, '2024-09-11', 2, 1, NULL, NULL, '2024-08-11 01:25:19', '2024-08-11 01:25:19'),
(10, 16, '2024-09-12', 2, 1, NULL, NULL, '2024-08-11 01:25:19', '2024-08-11 01:25:19'),
(11, 16, '2024-09-13', 2, 1, NULL, NULL, '2024-08-11 01:25:19', '2024-08-11 01:25:19'),
(12, 16, '2024-09-16', 2, 1, NULL, NULL, '2024-08-11 01:25:19', '2024-08-11 01:25:19'),
(13, 16, '2024-09-17', 2, 1, NULL, NULL, '2024-08-11 01:25:19', '2024-08-11 01:25:19'),
(14, 16, '2024-09-18', 2, 1, NULL, NULL, '2024-08-11 01:25:19', '2024-08-11 01:25:19'),
(15, 16, '2024-09-19', 2, 1, NULL, NULL, '2024-08-11 01:25:19', '2024-08-11 01:25:19'),
(16, 16, '2024-09-20', 2, 1, NULL, NULL, '2024-08-11 01:25:19', '2024-08-11 01:25:19'),
(17, 16, '2024-08-09', 1, 1, NULL, NULL, '2024-08-11 02:26:22', '2024-08-11 02:26:22'),
(18, 16, '2024-08-12', 1, 1, NULL, NULL, '2024-08-11 02:26:22', '2024-08-11 02:26:22'),
(19, 16, '2024-08-13', 1, 1, NULL, NULL, '2024-08-11 02:26:22', '2024-08-11 02:26:22'),
(20, 21, '2024-09-18', 3, 1, NULL, NULL, '2024-09-17 07:18:05', '2024-09-17 07:18:05'),
(21, 21, '2024-09-19', 4, 1, NULL, NULL, '2024-09-17 07:23:49', '2024-09-17 07:23:49'),
(22, 21, '2024-09-20', 4, 1, NULL, NULL, '2024-09-17 07:23:49', '2024-09-17 07:23:49'),
(23, 23, '2024-10-11', 5, 1, NULL, NULL, '2024-09-22 00:42:42', '2024-09-22 00:42:42'),
(24, 23, '2024-10-14', 5, 1, NULL, NULL, '2024-09-22 00:42:42', '2024-09-22 00:42:42'),
(25, 23, '2024-10-15', 5, 1, NULL, NULL, '2024-09-22 00:42:42', '2024-09-22 00:42:42'),
(26, 23, '2024-10-16', 5, 1, NULL, NULL, '2024-09-22 00:42:42', '2024-09-22 00:42:42'),
(27, 23, '2024-10-17', 5, 1, NULL, NULL, '2024-09-22 00:42:42', '2024-09-22 00:42:42'),
(28, 23, '2024-10-18', 5, 1, NULL, NULL, '2024-09-22 00:42:42', '2024-09-22 00:42:42'),
(29, 23, '2024-10-21', 5, 1, NULL, NULL, '2024-09-22 00:42:42', '2024-09-22 00:42:42'),
(30, 23, '2024-10-22', 5, 1, NULL, NULL, '2024-09-22 00:42:42', '2024-09-22 00:42:42'),
(31, 23, '2024-10-23', 5, 1, NULL, NULL, '2024-09-22 00:42:42', '2024-09-22 00:42:42'),
(32, 23, '2024-10-24', 5, 1, NULL, NULL, '2024-09-22 00:42:42', '2024-09-22 00:42:42'),
(33, 23, '2024-09-23', 6, 1, NULL, NULL, '2024-09-22 18:20:22', '2024-09-22 18:20:22'),
(34, 23, '2024-09-24', 6, 1, NULL, NULL, '2024-09-22 18:20:22', '2024-09-22 18:20:22'),
(35, 23, '2024-09-25', 6, 1, NULL, NULL, '2024-09-22 18:20:22', '2024-09-22 18:20:22'),
(36, 23, '2024-09-26', 6, 1, NULL, NULL, '2024-09-22 18:20:22', '2024-09-22 18:20:22'),
(37, 23, '2024-10-02', 7, 1, NULL, NULL, '2024-09-22 18:22:34', '2024-09-22 18:22:34'),
(38, 23, '2024-10-03', 7, 1, NULL, NULL, '2024-09-22 18:22:34', '2024-09-22 18:22:34'),
(39, 23, '2024-12-02', 8, 1, NULL, NULL, '2024-09-22 20:00:41', '2024-09-22 20:00:41'),
(40, 23, '2024-12-03', 8, 1, NULL, NULL, '2024-09-22 20:00:41', '2024-09-22 20:00:41'),
(41, 23, '2024-12-04', 8, 1, NULL, NULL, '2024-09-22 20:00:41', '2024-09-22 20:00:41'),
(42, 23, '2024-12-05', 8, 1, NULL, NULL, '2024-09-22 20:00:41', '2024-09-22 20:00:41'),
(43, 23, '2024-12-06', 8, 1, NULL, NULL, '2024-09-22 20:00:41', '2024-09-22 20:00:41'),
(44, 23, '2024-12-09', 8, 1, NULL, NULL, '2024-09-22 20:00:41', '2024-09-22 20:00:41'),
(45, 23, '2024-12-10', 8, 1, NULL, NULL, '2024-09-22 20:00:41', '2024-09-22 20:00:41');

-- --------------------------------------------------------

--
-- Table structure for table `leave_types`
--

CREATE TABLE `leave_types` (
  `id` bigint(20) UNSIGNED NOT NULL,
  `type` varchar(255) DEFAULT NULL,
  `status` int(11) NOT NULL DEFAULT 0,
  `color_code` varchar(255) DEFAULT NULL,
  `leave_days` int(11) DEFAULT NULL,
  `created_at` timestamp NULL DEFAULT NULL,
  `updated_at` timestamp NULL DEFAULT NULL
) ENGINE=InnoDB DEFAULT CHARSET=utf8mb4 COLLATE=utf8mb4_unicode_ci;

--
-- Dumping data for table `leave_types`
--

INSERT INTO `leave_types` (`id`, `type`, `status`, `color_code`, `leave_days`, `created_at`, `updated_at`) VALUES
(1, 'Annual Leave', 1, '#54bce8', 21, '2023-10-19 11:13:53', '2024-07-30 12:33:39'),
(2, 'Public Holiday', 1, '#f9c50b', 1, '2023-10-19 11:13:53', '2024-08-11 01:29:42'),
(3, 'Purchased Leave', 1, '#38ff7e', 3, '2023-10-19 11:13:53', '2024-05-27 00:57:43'),
(4, 'Sick Leave', 1, '#878eb0', 21, '2023-10-19 11:13:53', '2024-07-30 12:33:49'),
(5, 'Study Leave/Training', 1, '#ff9999', 3, '2023-10-19 11:13:53', '2024-05-27 00:58:10'),
(6, 'Unpaid Leave', 0, '#0071c7', 5, '2023-10-19 11:13:53', '2024-06-02 04:04:04'),
(7, 'Test1', 0, '#ede612', 2, '2023-11-01 04:15:17', '2024-05-27 00:58:38'),
(8, 'Test', 0, '#d4fa6b', 6, '2023-11-01 04:17:02', '2024-08-11 01:29:58'),
(9, 'Casual leave', 0, '#c7c9ff', 3, '2024-05-04 05:16:32', '2024-05-27 00:57:22');

-- --------------------------------------------------------

--
-- Table structure for table `masters`
--

CREATE TABLE `masters` (
  `id` bigint(20) UNSIGNED NOT NULL,
  `name` varchar(255) NOT NULL,
  `email` varchar(255) NOT NULL,
  `email_verified_at` timestamp NULL DEFAULT NULL,
  `password` varchar(255) NOT NULL,
  `remember_token` varchar(100) DEFAULT NULL,
  `created_at` timestamp NULL DEFAULT NULL,
  `updated_at` timestamp NULL DEFAULT NULL
) ENGINE=InnoDB DEFAULT CHARSET=utf8mb4 COLLATE=utf8mb4_unicode_ci;

--
-- Dumping data for table `masters`
--

INSERT INTO `masters` (`id`, `name`, `email`, `email_verified_at`, `password`, `remember_token`, `created_at`, `updated_at`) VALUES
(1, 'test', 'test@gmail.com', NULL, '$2y$10$iLNOIhEotGQz5G0jJNAMSeJC4rr2eDvFzm2YdLWvX7CF/03GQgMbu', NULL, '2024-03-09 07:14:44', '2024-03-09 07:14:44');

-- --------------------------------------------------------

--
-- Table structure for table `migrations`
--

CREATE TABLE `migrations` (
  `id` int(10) UNSIGNED NOT NULL,
  `migration` varchar(255) NOT NULL,
  `batch` int(11) NOT NULL
) ENGINE=InnoDB DEFAULT CHARSET=utf8mb4 COLLATE=utf8mb4_unicode_ci;

--
-- Dumping data for table `migrations`
--

INSERT INTO `migrations` (`id`, `migration`, `batch`) VALUES
(1, '2014_10_12_000000_create_users_table', 1),
(2, '2014_10_12_100000_create_password_reset_tokens_table', 1),
(3, '2019_08_19_000000_create_failed_jobs_table', 1),
(4, '2019_12_14_000001_create_personal_access_tokens_table', 1),
(5, '2023_10_05_174148_create_admins_table', 1),
(6, '2023_10_05_175014_create_masters_table', 1),
(7, '2023_10_07_132645_create_leave_requests_table', 1),
(8, '2023_10_07_140039_create_leave_types_table', 1),
(9, '2023_10_07_140245_create_upload_files_table', 1),
(10, '2023_10_25_054302_create_permission_tables', 2),
(11, '2023_10_26_054453_create_department_table', 3);

-- --------------------------------------------------------

--
-- Table structure for table `model_has_permissions`
--

CREATE TABLE `model_has_permissions` (
  `permission_id` bigint(20) UNSIGNED NOT NULL,
  `model_type` varchar(255) NOT NULL,
  `model_id` bigint(20) UNSIGNED NOT NULL
) ENGINE=InnoDB DEFAULT CHARSET=utf8mb4 COLLATE=utf8mb4_unicode_ci;

-- --------------------------------------------------------

--
-- Table structure for table `model_has_roles`
--

CREATE TABLE `model_has_roles` (
  `role_id` bigint(20) UNSIGNED NOT NULL,
  `model_type` varchar(255) NOT NULL,
  `model_id` bigint(20) UNSIGNED NOT NULL
) ENGINE=InnoDB DEFAULT CHARSET=utf8mb4 COLLATE=utf8mb4_unicode_ci;

--
-- Dumping data for table `model_has_roles`
--

INSERT INTO `model_has_roles` (`role_id`, `model_type`, `model_id`) VALUES
(1, 'App\\Models\\User', 1),
(1, 'App\\Models\\User', 3),
(1, 'App\\Models\\User', 7),
(1, 'App\\Models\\User', 10),
(1, 'App\\Models\\User', 16),
(1, 'App\\Models\\User', 18),
(1, 'App\\Models\\User', 19),
(1, 'App\\Models\\User', 21),
(1, 'App\\Models\\User', 23),
(2, 'App\\Models\\User', 4),
(2, 'App\\Models\\User', 22),
(3, 'App\\Models\\User', 2),
(3, 'App\\Models\\User', 14),
(3, 'App\\Models\\User', 17);

-- --------------------------------------------------------

--
-- Table structure for table `password_reset_tokens`
--

CREATE TABLE `password_reset_tokens` (
  `email` varchar(255) NOT NULL,
  `token` varchar(255) NOT NULL,
  `created_at` timestamp NULL DEFAULT NULL
) ENGINE=InnoDB DEFAULT CHARSET=utf8mb4 COLLATE=utf8mb4_unicode_ci;

-- --------------------------------------------------------

--
-- Table structure for table `pdf_uploads`
--

CREATE TABLE `pdf_uploads` (
  `id` bigint(20) UNSIGNED NOT NULL,
  `file_name` varchar(255) NOT NULL,
  `category` varchar(255) NOT NULL,
  `file_path` varchar(255) NOT NULL,
  `user_id` text NOT NULL,
  `department_id` varchar(255) DEFAULT NULL,
  `created_at` timestamp NULL DEFAULT NULL,
  `updated_at` timestamp NULL DEFAULT NULL
) ENGINE=InnoDB DEFAULT CHARSET=utf8mb4 COLLATE=utf8mb4_unicode_ci;

--
-- Dumping data for table `pdf_uploads`
--

INSERT INTO `pdf_uploads` (`id`, `file_name`, `category`, `file_path`, `user_id`, `department_id`, `created_at`, `updated_at`) VALUES
(1, 'test', 'test', 'uploads/test.pdf', '1', '1', '2024-08-08 05:32:02', '2024-08-08 05:32:02'),
(2, 'test  doc', 'Contract', 'uploads/test  doc.pdf', '1', '3', '2024-09-12 00:42:02', '2024-09-12 00:42:02');

-- --------------------------------------------------------

--
-- Table structure for table `performances`
--

CREATE TABLE `performances` (
  `id` int(11) NOT NULL,
  `employee_id` int(11) DEFAULT NULL,
  `review_temp` text DEFAULT NULL,
  `goal_id` int(11) DEFAULT NULL,
  `start_date` varchar(11) DEFAULT NULL,
  `end_date` varchar(11) DEFAULT NULL,
  `due_date` varchar(11) DEFAULT NULL,
  `status` int(11) DEFAULT 0 COMMENT '0-pending, 1-employee-accept, 2- manager-accept',
  `assign_manager_id` int(11) DEFAULT NULL,
  `created_at` timestamp NOT NULL DEFAULT current_timestamp(),
  `updated_at` timestamp NOT NULL DEFAULT current_timestamp()
) ENGINE=InnoDB DEFAULT CHARSET=utf8mb4 COLLATE=utf8mb4_general_ci;

-- --------------------------------------------------------

--
-- Table structure for table `performance_goals`
--

CREATE TABLE `performance_goals` (
  `id` int(11) NOT NULL,
  `employee_id` int(11) DEFAULT NULL,
  `manager_id` int(11) DEFAULT NULL,
  `category_id` int(11) DEFAULT NULL,
  `title` varchar(255) DEFAULT NULL,
  `status` int(11) NOT NULL DEFAULT 0,
  `description` text DEFAULT NULL,
  `due_date` varchar(255) DEFAULT NULL,
  `performance_id` int(11) DEFAULT NULL,
  `created_at` timestamp NOT NULL DEFAULT current_timestamp(),
  `updated_at` timestamp NOT NULL DEFAULT current_timestamp()
) ENGINE=InnoDB DEFAULT CHARSET=utf8mb4 COLLATE=utf8mb4_general_ci;

-- --------------------------------------------------------

--
-- Table structure for table `permissions`
--

CREATE TABLE `permissions` (
  `id` bigint(20) UNSIGNED NOT NULL,
  `name` varchar(255) NOT NULL,
  `guard_name` varchar(255) NOT NULL,
  `created_at` timestamp NULL DEFAULT NULL,
  `updated_at` timestamp NULL DEFAULT NULL
) ENGINE=InnoDB DEFAULT CHARSET=utf8mb4 COLLATE=utf8mb4_unicode_ci;

--
-- Dumping data for table `permissions`
--

INSERT INTO `permissions` (`id`, `name`, `guard_name`, `created_at`, `updated_at`) VALUES
(1, 'role', 'web', NULL, NULL),
(2, 'employee', 'web', NULL, NULL),
(3, 'leave', 'web', NULL, NULL),
(4, 'department', 'web', NULL, NULL),
(7, 'leave-calendar', 'web', NULL, NULL),
(8, 'goal', 'web', NULL, NULL),
(9, 'performance', 'web', NULL, NULL),
(11, 'team-performance', 'web', NULL, NULL),
(12, 'training', 'web', '2024-05-04 09:30:12', '2024-05-04 09:30:12'),
(13, 'creat-appraisal', 'web', NULL, NULL),
(14, 'respond-on-appraisal', 'web', NULL, NULL),
(15, 'edit-appraisal', 'web', NULL, NULL),
(17, 'creat-training', 'web', '2024-05-15 06:39:33', '2024-05-15 06:39:33'),
(18, 'create-disciplinary', 'web', '2024-05-15 06:39:33', '2024-05-15 06:39:33'),
(19, 'my-resources', 'web', '2024-05-28 08:10:10', '2024-05-28 08:10:10'),
(20, 'add-delete-my-resources', 'web', '2024-06-10 10:47:45', '2024-06-10 10:47:45'),
(21, 'view-team-leave', 'web', '2024-06-10 10:47:45', '2024-06-10 10:47:45'),
(22, 'wages-and-benefits', 'web', '2024-06-10 10:48:26', '2024-06-10 10:48:26'),
(23, 'team-leave-calendar', 'web', '2024-08-08 09:07:36', '2024-08-08 09:07:36'),
(24, 'team-goal-review', 'web', '2024-09-03 06:34:02', '2024-09-03 06:34:02'),
(25, 'hr-goal-review', 'web', '2024-09-03 06:34:02', '2024-09-03 06:34:02'),
(26, 'view-team-profile', 'web', '2024-09-06 11:24:05', '2024-09-06 11:24:05'),
(27, 'hr-goal-overview', 'web', '2024-09-12 10:40:21', '2024-09-12 10:40:21'),
(28, 'manager-goal-overview', 'web', '2024-09-12 10:53:33', '2024-09-12 10:53:33'),
(29, 'team-certificate', 'web', '2024-09-16 11:42:46', '2024-09-16 11:42:46'),
(30, 'talent-search', 'web', '2024-09-30 09:33:24', '2024-09-30 09:33:24'),
(31, 'employee-wages-and-benefits', 'web', '2024-10-01 06:05:33', '2024-10-01 06:05:33'),
(33, 'hr-team-certificate', 'web', '2024-10-02 05:25:22', '2024-10-02 05:25:22');

-- --------------------------------------------------------

--
-- Table structure for table `personal_access_tokens`
--

CREATE TABLE `personal_access_tokens` (
  `id` bigint(20) UNSIGNED NOT NULL,
  `tokenable_type` varchar(255) NOT NULL,
  `tokenable_id` bigint(20) UNSIGNED NOT NULL,
  `name` varchar(255) NOT NULL,
  `token` varchar(64) NOT NULL,
  `abilities` text DEFAULT NULL,
  `last_used_at` timestamp NULL DEFAULT NULL,
  `expires_at` timestamp NULL DEFAULT NULL,
  `created_at` timestamp NULL DEFAULT NULL,
  `updated_at` timestamp NULL DEFAULT NULL
) ENGINE=InnoDB DEFAULT CHARSET=utf8mb4 COLLATE=utf8mb4_unicode_ci;

-- --------------------------------------------------------

--
-- Table structure for table `questionnaires`
--

CREATE TABLE `questionnaires` (
  `id` int(11) NOT NULL,
  `appraisal_id` int(11) DEFAULT NULL,
  `que_key` bigint(20) DEFAULT NULL,
  `que_employ_value` longtext DEFAULT NULL,
  `que_manager_value` longtext DEFAULT NULL,
  `employ_id` int(11) DEFAULT NULL,
  `manager_id` bigint(20) DEFAULT NULL,
  `created_at` timestamp NULL DEFAULT NULL,
  `updated_at` timestamp NULL DEFAULT NULL,
  `que_self_rating` int(11) DEFAULT NULL,
  `que_manager_rating` int(11) DEFAULT NULL
) ENGINE=InnoDB DEFAULT CHARSET=utf8mb4 COLLATE=utf8mb4_general_ci;

--
-- Dumping data for table `questionnaires`
--

INSERT INTO `questionnaires` (`id`, `appraisal_id`, `que_key`, `que_employ_value`, `que_manager_value`, `employ_id`, `manager_id`, `created_at`, `updated_at`, `que_self_rating`, `que_manager_rating`) VALUES
(1, 1, 31, 'test', 'test2', 16, 4, '2024-08-08 04:52:36', '2024-08-08 04:53:01', NULL, NULL),
(2, 1, 32, 'test1', 'test1', 16, 4, '2024-08-08 04:52:36', '2024-08-08 04:53:01', NULL, NULL),
(3, 4, 35, 'Needs Improvement', 'Meets Expectations', 1, 4, '2024-08-22 23:51:50', '2024-08-22 23:52:15', 2, 3),
(4, 5, 37, 'Needs Improvement', 'Meets Expectations', 1, 4, '2024-08-23 00:59:55', '2024-08-23 01:02:47', 2, 3),
(5, 5, 38, 'Meets Expectations', 'Needs Improvement', 1, 4, '2024-08-23 00:59:55', '2024-08-23 01:02:47', 3, 2),
(6, 5, 39, 'option 1', 'option 2', 1, 4, '2024-08-23 00:59:55', '2024-08-23 01:02:47', NULL, NULL),
(7, 5, 40, 'Needs Improvement', 'Below Expectations', 1, 4, '2024-08-23 00:59:55', '2024-08-23 01:02:47', 1, 2),
(8, 5, 41, 'Option', 'Option', 1, 4, '2024-08-23 00:59:55', '2024-08-23 01:02:47', NULL, NULL),
(9, 6, 42, 'option 1', 'option 1', 1, 4, '2024-08-23 01:11:57', '2024-08-23 01:13:16', NULL, NULL),
(10, 6, 43, 'Needs Improvement', 'Meets Expectations', 1, 4, '2024-08-23 01:11:57', '2024-08-23 01:13:16', 2, 3),
(11, 6, 44, 'Meets Expectations', 'Needs Improvement', 1, 4, '2024-08-23 01:11:57', '2024-08-23 01:13:16', 3, 2),
(12, 6, 45, 'Exceeds Expectations', 'Meets Expectations', 1, 4, '2024-08-23 01:11:57', '2024-08-23 01:13:16', 4, 3),
(13, 7, 42, 'option 1', 'option 1', 1, 4, '2024-08-28 04:06:05', '2024-08-29 04:10:11', NULL, NULL),
(14, 7, 43, 'Meets Expectations', 'Below Expectations', 1, 4, '2024-08-28 04:06:05', '2024-08-29 04:10:11', 3, 1),
(15, 7, 44, 'Needs Improvement', 'Meets Expectations', 1, 4, '2024-08-28 04:06:06', '2024-08-29 04:10:11', 2, 3),
(16, 7, 45, 'Meets Expectations', 'Exceeds Expectations', 1, 4, '2024-08-28 04:06:06', '2024-08-29 04:10:11', 3, 4),
(17, 8, 42, 'option 1', NULL, 1, NULL, '2024-08-31 01:17:28', '2024-08-31 01:17:28', NULL, NULL),
(18, 8, 43, 'Needs Improvement', NULL, 1, NULL, '2024-08-31 01:17:28', '2024-08-31 01:17:28', 2, NULL),
(19, 8, 44, 'Below Expectations', NULL, 1, NULL, '2024-08-31 01:17:28', '2024-08-31 01:17:28', 1, NULL),
(20, 8, 45, 'Below Expectations', NULL, 1, NULL, '2024-08-31 01:17:28', '2024-08-31 01:17:28', 1, NULL),
(21, 8, 47, 'test 2', NULL, 1, NULL, '2024-08-31 01:17:28', '2024-08-31 01:17:28', NULL, NULL),
(22, 10, 39, 'option 1', 'option 1', 3, 4, '2024-09-09 02:20:56', '2024-09-09 02:21:37', NULL, NULL),
(23, 10, 41, 'Option', 'Option', 3, 4, '2024-09-09 02:20:56', '2024-09-09 02:21:37', NULL, NULL),
(24, 9, 39, 'option 1', NULL, 1, NULL, '2024-09-17 06:03:19', '2024-09-17 06:03:19', NULL, NULL),
(25, 9, 41, 'Option', NULL, 1, NULL, '2024-09-17 06:03:19', '2024-09-17 06:03:19', NULL, NULL),
(26, 11, 33, 'Test_20', NULL, 21, NULL, '2024-09-20 02:49:10', '2024-09-20 02:49:10', NULL, NULL),
(27, 11, 34, 'radio2', NULL, 21, NULL, '2024-09-20 02:49:10', '2024-09-20 02:49:10', NULL, NULL),
(28, 15, 51, 'Increased revenue/sales or achieved sales targets.\r\nOrganizing a successful event at the office.\r\nMentoring a coworker.', NULL, 1, NULL, '2024-09-22 10:42:06', '2024-09-22 10:42:06', NULL, NULL),
(29, 15, 52, 'Going over and above to meet a tight deadline while taking over the responsibilities of a coworker on leave', NULL, 1, NULL, '2024-09-22 10:42:06', '2024-09-22 10:42:06', NULL, NULL),
(30, 15, 53, 'Master the skills needed and save the company the time and money required to hire someone for that new role.', NULL, 1, NULL, '2024-09-22 10:42:06', '2024-09-22 10:42:06', NULL, NULL),
(31, 15, 54, 'Self-critical\r\nSelf-critical\r\nNot adept at public speaking\r\nNot comfortable taking risks', NULL, 1, NULL, '2024-09-22 10:42:06', '2024-09-22 10:42:06', NULL, NULL),
(32, 15, 55, 'An updated software with all the tolls i need  will enable me do my best work and save me time.', NULL, 1, NULL, '2024-09-22 10:42:06', '2024-09-22 10:42:06', NULL, NULL),
(33, 16, 51, 'Increased revenue/sales or achieved sales targets and Organizing a successful event at the office i also Mentoring a coworker', NULL, 23, NULL, '2024-09-22 10:56:36', '2024-09-22 10:56:36', NULL, NULL),
(34, 16, 52, 'Going over and above to meet a tight deadline while taking over the responsibilities of a coworker on leave', NULL, 23, NULL, '2024-09-22 10:56:36', '2024-09-22 10:56:36', NULL, NULL),
(35, 16, 53, 'I mastered the skills needed and save the company the time and money required to hire someone for that new role.', NULL, 23, NULL, '2024-09-22 10:56:36', '2024-09-22 10:56:36', NULL, NULL),
(36, 16, 54, 'Self-critical, Not adept at public speaking, Not comfortable taking risks', NULL, 23, NULL, '2024-09-22 10:56:36', '2024-09-22 10:56:36', NULL, NULL),
(37, 16, 55, 'An updated software will enable me to  to do my best work and save time', NULL, 23, NULL, '2024-09-22 10:56:36', '2024-09-22 10:56:36', NULL, NULL),
(38, 17, 51, 'Increased revenue/sales or achieved sales targets', NULL, 1, NULL, '2024-09-22 12:04:13', '2024-09-22 12:04:13', NULL, NULL),
(39, 17, 52, 'Going over and above to meet a tight deadline while taking over the responsibilities of a coworker on leave.', NULL, 1, NULL, '2024-09-22 12:04:13', '2024-09-22 12:04:13', NULL, NULL),
(40, 17, 53, 'master the skills needed and save the company the time and money required to hire someone for that new role.', NULL, 1, NULL, '2024-09-22 12:04:13', '2024-09-22 12:04:13', NULL, NULL),
(41, 17, 54, 'Not comfortable taking risks', NULL, 1, NULL, '2024-09-22 12:04:13', '2024-09-22 12:04:13', NULL, NULL),
(42, 17, 55, 'updated software will enable me to do my best work.', NULL, 1, NULL, '2024-09-22 12:04:13', '2024-09-22 12:04:13', NULL, NULL),
(43, 18, 51, 'Increased revenue/sales or achieved sales targets.', 'good work', 23, 22, '2024-09-22 20:19:38', '2024-09-22 20:20:50', NULL, NULL),
(44, 18, 52, 'Increased revenue/sales or achieved sales targets.', 'good work', 23, 22, '2024-09-22 20:19:38', '2024-09-22 20:20:50', NULL, NULL),
(45, 18, 53, 'Increased revenue/sales or achieved sales targets.', 'good work', 23, 22, '2024-09-22 20:19:38', '2024-09-22 20:20:50', NULL, NULL),
(46, 18, 54, 'Increased revenue/sales or achieved sales targets.', 'good work', 23, 22, '2024-09-22 20:19:38', '2024-09-22 20:20:50', NULL, NULL),
(47, 18, 55, 'Increased revenue/sales or achieved sales targets.', 'good work', 23, 22, '2024-09-22 20:19:38', '2024-09-22 20:20:50', NULL, NULL),
(48, 19, 58, 'Good', NULL, 23, NULL, '2024-09-24 17:08:01', '2024-09-24 17:08:01', 2, NULL),
(49, 19, 59, 'No', NULL, 23, NULL, '2024-09-24 17:08:01', '2024-09-24 17:08:01', NULL, NULL),
(50, 19, 60, 'Needs Improvement', NULL, 23, NULL, '2024-09-24 17:08:01', '2024-09-24 17:08:01', 2, NULL),
(51, 19, 61, 'Good', NULL, 23, NULL, '2024-09-24 17:08:01', '2024-09-24 17:08:01', 2, NULL),
(52, 19, 62, 'Satisfactory', NULL, 23, NULL, '2024-09-24 17:08:01', '2024-09-24 17:08:01', 3, NULL);

-- --------------------------------------------------------

--
-- Table structure for table `que_forms`
--

CREATE TABLE `que_forms` (
  `id` bigint(20) UNSIGNED NOT NULL,
  `title` varchar(255) DEFAULT NULL,
  `status` int(11) NOT NULL DEFAULT 0,
  `created_at` timestamp NULL DEFAULT NULL,
  `updated_at` timestamp NULL DEFAULT NULL
) ENGINE=InnoDB DEFAULT CHARSET=utf8mb4 COLLATE=utf8mb4_unicode_ci;

--
-- Dumping data for table `que_forms`
--

INSERT INTO `que_forms` (`id`, `title`, `status`, `created_at`, `updated_at`) VALUES
(17, 'Mid Year review 2024', 1, '2024-08-08 04:46:25', '2024-09-22 11:01:52'),
(18, 'test two', 1, '2024-08-08 04:49:20', '2024-08-08 04:51:38'),
(19, 'Mid-Year Review', 1, '2024-08-11 01:22:19', '2024-08-15 05:27:51'),
(20, 'Mid-Year Review', 0, '2024-08-15 05:26:54', '2024-08-15 05:26:54'),
(21, 'test', 1, '2024-08-22 23:45:40', '2024-08-22 23:46:18'),
(22, 'hello', 1, '2024-08-23 01:10:49', '2024-08-23 01:11:00'),
(23, 'Mid-Year Review 2024', 0, '2024-09-10 11:31:51', '2024-09-10 11:31:51'),
(24, 'Test', 0, '2024-09-14 05:58:30', '2024-09-14 05:58:30'),
(25, 'test_aj', 0, '2024-09-17 07:08:20', '2024-09-17 07:08:20'),
(27, 'Appraisal  End Of Year 2024', 1, '2024-09-22 10:28:05', '2024-09-30 02:12:25'),
(28, 'Performance Appraisal Questions End Of Year 2024 2', 0, '2024-09-23 12:01:53', '2024-09-23 12:01:53'),
(29, 'test question 204', 1, '2024-09-24 17:05:38', '2024-09-24 17:06:42');

-- --------------------------------------------------------

--
-- Table structure for table `que_form_inputs`
--

CREATE TABLE `que_form_inputs` (
  `id` bigint(20) UNSIGNED NOT NULL,
  `que_form_id` bigint(20) UNSIGNED DEFAULT NULL,
  `que_form_section_id` bigint(20) UNSIGNED DEFAULT NULL,
  `label` text DEFAULT NULL,
  `placeholder` text DEFAULT NULL,
  `input_type_id` bigint(20) UNSIGNED DEFAULT NULL,
  `input_name` text DEFAULT NULL,
  `rating_id` bigint(20) DEFAULT NULL,
  `created_at` timestamp NULL DEFAULT NULL,
  `updated_at` timestamp NULL DEFAULT NULL
) ENGINE=InnoDB DEFAULT CHARSET=utf8mb4 COLLATE=utf8mb4_unicode_ci;

--
-- Dumping data for table `que_form_inputs`
--

INSERT INTO `que_form_inputs` (`id`, `que_form_id`, `que_form_section_id`, `label`, `placeholder`, `input_type_id`, `input_name`, `rating_id`, `created_at`, `updated_at`) VALUES
(31, 17, 23, 'What was your greatest accomplishment at work?', NULL, 5, 'test-one-input-text-1723112153', NULL, '2024-08-08 04:46:25', '2024-09-22 11:00:19'),
(32, 17, 23, 'What is the biggest challenge you have faced in the last year?', NULL, 5, 'test-one-radio-1723112179', NULL, '2024-08-08 04:46:25', '2024-09-22 11:01:17'),
(33, 18, 24, 'test', 'input', 1, 'test-one-input-text-1723112153', NULL, '2024-08-08 04:49:20', '2024-08-08 04:49:20'),
(34, 18, 24, 'radio', 'test', 6, 'test-one-radio-1723112179', NULL, '2024-08-08 04:49:20', '2024-08-08 04:49:36'),
(35, 19, 25, 'how do you find the job assigned', NULL, 11, 'mid-year-review-goal-1723359135', 1, '2024-08-11 01:22:19', '2024-08-11 01:22:19'),
(39, 21, 27, 'test', 'test', 7, 'test-checkbox-1724390134', NULL, '2024-08-22 23:45:40', '2024-08-22 23:45:40'),
(41, 21, 27, 'hl', 'name', 6, NULL, NULL, '2024-08-23 00:58:19', '2024-08-23 00:58:19'),
(42, 22, 28, 'test', 'option', 7, 'hello-checkbox-1724395166', NULL, '2024-08-23 01:10:49', '2024-08-23 01:10:49'),
(43, 22, 28, 'test', NULL, 10, 'hello-competency-1724395189', 1, '2024-08-23 01:10:49', '2024-08-23 01:10:49'),
(44, 22, 29, 'test 2', NULL, 12, 'hello-responsibility-1724395226', 1, '2024-08-23 01:10:49', '2024-08-23 01:10:49'),
(45, 22, 29, 'test', NULL, 13, 'hello-development-1724395247', 4, '2024-08-23 01:10:49', '2024-08-23 01:10:49'),
(46, 19, 25, 'goal', NULL, 11, NULL, NULL, '2024-08-23 03:58:32', '2024-08-23 03:58:32'),
(47, 22, 29, 'test', 'PlaceHolder', 5, NULL, NULL, '2024-08-31 01:14:59', '2024-08-31 01:14:59'),
(48, 23, 30, 'how do you find the job assigned', 'Insert response here', 5, 'mid-year-review-2024-textarea-1725987708', NULL, '2024-09-10 11:31:51', '2024-09-10 11:31:51'),
(49, 25, 32, 'one', 'test', 3, 'test-aj-input-number-1726576658', NULL, '2024-09-17 07:08:20', '2024-09-17 07:08:20'),
(51, 27, 34, 'What was your greatest accomplishment at work?', NULL, 5, 'performance-appraisal-questions-end-of-year-2024-textarea-1726975376', NULL, '2024-09-22 10:28:05', '2024-09-22 10:28:05'),
(52, 27, 34, 'What is the biggest challenge you have faced in the last year?', NULL, 5, 'performance-appraisal-questions-end-of-year-2024-textarea-1726975406', NULL, '2024-09-22 10:28:05', '2024-09-22 10:28:05'),
(53, 27, 34, 'In what ways do you think you can contribute more to the company?', NULL, 5, 'performance-appraisal-questions-end-of-year-2024-textarea-1726975446', NULL, '2024-09-22 10:28:06', '2024-09-22 10:28:06'),
(54, 27, 34, 'What is your biggest strength/weakness?', NULL, 5, 'performance-appraisal-questions-end-of-year-2024-textarea-1726975493', NULL, '2024-09-22 10:28:06', '2024-09-22 10:28:06'),
(55, 27, 34, 'Do you have everything you need to perform your job? Or what resources or support do you need from the department to reach your goals?', NULL, 5, 'performance-appraisal-questions-end-of-year-2024-textarea-1726975539', NULL, '2024-09-22 10:28:06', '2024-09-22 10:28:06'),
(56, 28, 35, 'how did you find the work load', NULL, 9, 'performance-appraisal-questions-end-of-year-2024-2-rating-1727067672', 8, '2024-09-23 12:01:53', '2024-09-23 12:01:53'),
(57, 28, 35, 'What was your greatest accomplishment at work?', NULL, 6, 'performance-appraisal-questions-end-of-year-2024-2-radio-1727067702', NULL, '2024-09-23 12:01:53', '2024-09-23 12:01:53'),
(58, 29, 36, 'how did you find the work load', NULL, 9, 'test-question-204-rating-1727172117', 8, '2024-09-24 17:05:38', '2024-09-24 17:05:38'),
(59, 29, 36, 'Do you have everything you need to perform your job?', NULL, 6, 'test-question-204-radio-1727172159', NULL, '2024-09-24 17:05:38', '2024-09-24 17:05:38'),
(60, 29, 36, 'how you you find communication with you manager', NULL, 9, 'test-question-204-rating-1727172238', 1, '2024-09-24 17:05:38', '2024-09-24 17:05:38'),
(61, 29, 37, 'what do you think of the overall office culture', NULL, 9, 'test-question-204-rating-1727172310', 8, '2024-09-24 17:05:38', '2024-09-24 17:05:38'),
(62, 29, 37, 'how much you know about your work', NULL, 9, 'test-question-204-rating-1727172336', 8, '2024-09-24 17:05:38', '2024-09-24 17:05:38');

-- --------------------------------------------------------

--
-- Table structure for table `que_form_multiple_inputs`
--

CREATE TABLE `que_form_multiple_inputs` (
  `id` bigint(20) UNSIGNED NOT NULL,
  `que_form_id` bigint(20) DEFAULT NULL,
  `label` text DEFAULT NULL,
  `type` text DEFAULT NULL,
  `temp_input_id` bigint(20) DEFAULT NULL,
  `created_at` timestamp NULL DEFAULT NULL,
  `updated_at` timestamp NULL DEFAULT NULL
) ENGINE=InnoDB DEFAULT CHARSET=utf8mb4 COLLATE=utf8mb4_unicode_ci;

--
-- Dumping data for table `que_form_multiple_inputs`
--

INSERT INTO `que_form_multiple_inputs` (`id`, `que_form_id`, `label`, `type`, `temp_input_id`, `created_at`, `updated_at`) VALUES
(10, 18, 'test1', 'radio', 34, '2024-08-08 04:49:36', '2024-08-08 04:49:36'),
(11, 18, 'radio2', 'radio', 34, '2024-08-08 04:49:36', '2024-08-08 04:49:36'),
(12, 18, 'radio3', 'radio', 34, '2024-08-08 04:49:36', '2024-08-08 04:49:36'),
(13, 21, 'option 1', 'checkbox', 39, '2024-08-22 23:45:40', '2024-08-22 23:45:40'),
(14, 21, 'option 2', 'checkbox', 39, '2024-08-22 23:45:40', '2024-08-22 23:45:40'),
(15, 21, 'Option', 'hl', 41, '2024-08-23 00:58:19', '2024-08-23 00:58:19'),
(16, 22, 'option 1', 'checkbox', 42, '2024-08-23 01:10:49', '2024-08-23 01:10:49'),
(17, 22, 'option 2', 'checkbox', 42, '2024-08-23 01:10:49', '2024-08-23 01:10:49'),
(18, 28, 'good', 'radio', 57, '2024-09-23 12:01:53', '2024-09-23 12:01:53'),
(19, 28, 'not good', 'radio', 57, '2024-09-23 12:01:53', '2024-09-23 12:01:53'),
(20, 29, 'Yes', 'radio', 59, '2024-09-24 17:05:38', '2024-09-24 17:05:38'),
(21, 29, 'No', 'radio', 59, '2024-09-24 17:05:38', '2024-09-24 17:05:38');

-- --------------------------------------------------------

--
-- Table structure for table `que_form_sections`
--

CREATE TABLE `que_form_sections` (
  `id` bigint(20) UNSIGNED NOT NULL,
  `que_form_id` bigint(20) UNSIGNED DEFAULT NULL,
  `title` varchar(255) DEFAULT NULL,
  `sec_id` varchar(255) DEFAULT NULL,
  `status` int(11) NOT NULL DEFAULT 0,
  `created_at` timestamp NULL DEFAULT NULL,
  `updated_at` timestamp NULL DEFAULT NULL
) ENGINE=InnoDB DEFAULT CHARSET=utf8mb4 COLLATE=utf8mb4_unicode_ci;

--
-- Dumping data for table `que_form_sections`
--

INSERT INTO `que_form_sections` (`id`, `que_form_id`, `title`, `sec_id`, `status`, `created_at`, `updated_at`) VALUES
(23, 17, 'Achievements', 'sec1723112125', 0, '2024-08-08 04:46:25', '2024-09-22 11:01:52'),
(24, 18, 'create title', 'sec1723112125', 0, '2024-08-08 04:49:20', '2024-08-08 04:49:20'),
(25, 19, 'goals review', 'sec1723359103', 0, '2024-08-11 01:22:19', '2024-08-11 01:22:19'),
(26, 20, 'q1', 'sec1723719381', 0, '2024-08-15 05:26:54', '2024-08-15 05:26:54'),
(27, 21, 'section', 'sec1724390037', 0, '2024-08-22 23:45:40', '2024-08-22 23:45:40'),
(28, 22, 'test', 'sec1724395106', 0, '2024-08-23 01:10:49', '2024-08-23 01:10:49'),
(29, 22, 'test', 'sec1724395195', 0, '2024-08-23 01:10:49', '2024-08-23 01:10:49'),
(30, 23, 'how you find work', 'sec1725987659', 0, '2024-09-10 11:31:51', '2024-09-10 11:31:51'),
(31, 24, 'test', 'sec1726313258', 0, '2024-09-14 05:58:30', '2024-09-14 05:58:30'),
(32, 25, 'test', 'sec1726576600', 0, '2024-09-17 07:08:20', '2024-09-17 07:08:20'),
(34, 27, 'Achievements', 'sec1726975106', 0, '2024-09-22 10:28:05', '2024-09-22 10:28:05'),
(35, 28, 'Achievements', 'sec1727067616', 0, '2024-09-23 12:01:53', '2024-09-23 12:01:53'),
(36, 29, 'achievement', 'sec1727172070', 0, '2024-09-24 17:05:38', '2024-09-24 17:05:38'),
(37, 29, 'Personal Experience', 'sec1727172244', 0, '2024-09-24 17:05:38', '2024-09-24 17:05:38');

-- --------------------------------------------------------

--
-- Table structure for table `rating_scales`
--

CREATE TABLE `rating_scales` (
  `id` bigint(20) UNSIGNED NOT NULL,
  `label` varchar(255) NOT NULL,
  `is_include_na` tinyint(1) NOT NULL DEFAULT 0,
  `display_type` tinyint(1) NOT NULL DEFAULT 0,
  `created_at` timestamp NULL DEFAULT current_timestamp(),
  `updated_at` timestamp NULL DEFAULT current_timestamp() ON UPDATE current_timestamp()
) ENGINE=MyISAM DEFAULT CHARSET=latin1 COLLATE=latin1_swedish_ci;

--
-- Dumping data for table `rating_scales`
--

INSERT INTO `rating_scales` (`id`, `label`, `is_include_na`, `display_type`, `created_at`, `updated_at`) VALUES
(1, 'Communicates effectively with supervisor, peers, and customers.', 0, 0, '2024-05-04 05:09:16', '2024-05-09 00:21:35'),
(2, 'Possesses skills and knowledge to perform the job competently.', 0, 0, '2024-05-04 06:56:52', '2024-05-09 00:20:56'),
(6, 'gov rating scale', 0, 0, '2024-09-10 12:09:24', '2024-09-10 12:09:24'),
(4, 'Possesses skills and knowledge to perform the job competently.', 0, 1, '2024-06-11 08:12:33', '2024-06-11 08:12:33'),
(8, 'Poor to Excellent', 0, 0, '2024-09-22 01:07:48', '2024-09-22 01:07:48');

-- --------------------------------------------------------

--
-- Table structure for table `rating_scale_options`
--

CREATE TABLE `rating_scale_options` (
  `id` bigint(20) UNSIGNED NOT NULL,
  `rating_scale_id` bigint(20) UNSIGNED NOT NULL,
  `option_label` text NOT NULL,
  `created_at` timestamp NULL DEFAULT current_timestamp(),
  `updated_at` timestamp NULL DEFAULT current_timestamp() ON UPDATE current_timestamp()
) ENGINE=MyISAM DEFAULT CHARSET=latin1 COLLATE=latin1_swedish_ci;

--
-- Dumping data for table `rating_scale_options`
--

INSERT INTO `rating_scale_options` (`id`, `rating_scale_id`, `option_label`, `created_at`, `updated_at`) VALUES
(13, 1, 'Below Expectations', '2024-05-09 00:21:35', '2024-05-09 00:21:35'),
(12, 1, 'Needs Improvement', '2024-05-09 00:21:35', '2024-05-09 00:21:35'),
(7, 2, 'Needs Improvement', '2024-05-09 00:20:56', '2024-05-09 00:20:56'),
(8, 2, 'Below Expectations', '2024-05-09 00:20:56', '2024-05-09 00:20:56'),
(9, 2, 'Meets Expectations', '2024-05-09 00:20:56', '2024-05-09 00:20:56'),
(10, 2, 'Exceeds Expectations', '2024-05-09 00:20:56', '2024-05-09 00:20:56'),
(11, 2, 'Exceptional', '2024-05-09 00:20:56', '2024-05-09 00:20:56'),
(14, 1, 'Meets Expectations', '2024-05-09 00:21:35', '2024-05-09 00:21:35'),
(15, 1, 'Exceeds Expectations', '2024-05-09 00:21:35', '2024-05-09 00:21:35'),
(16, 1, 'Exceptional', '2024-05-09 00:21:35', '2024-05-09 00:21:35'),
(20, 3, 'test2', '2024-05-15 03:54:35', '2024-05-15 03:54:35'),
(19, 3, 'test', '2024-05-15 03:54:35', '2024-05-15 03:54:35'),
(21, 4, 'Below Expectations', '2024-06-11 08:12:33', '2024-06-11 08:12:33'),
(22, 4, 'Needs Improvement', '2024-06-11 08:12:33', '2024-06-11 08:12:33'),
(23, 4, 'Meets Expectations', '2024-06-11 08:12:33', '2024-06-11 08:12:33'),
(24, 4, 'Exceeds Expectations', '2024-06-11 08:12:33', '2024-06-11 08:12:33'),
(25, 5, 'test', '2024-08-08 04:50:38', '2024-08-08 04:50:38'),
(26, 5, 'test2', '2024-08-08 04:50:38', '2024-08-08 04:50:38'),
(27, 6, '1', '2024-09-10 12:09:24', '2024-09-10 12:09:24'),
(28, 6, '2', '2024-09-10 12:09:24', '2024-09-10 12:09:24'),
(29, 6, '3', '2024-09-10 12:09:24', '2024-09-10 12:09:24'),
(30, 6, '4', '2024-09-10 12:09:24', '2024-09-10 12:09:24'),
(36, 7, '4', '2024-09-17 07:15:09', '2024-09-17 07:15:09'),
(37, 8, 'Excellent', '2024-09-22 01:07:48', '2024-09-22 01:07:48'),
(38, 8, 'Good', '2024-09-22 01:07:48', '2024-09-22 01:07:48'),
(39, 8, 'Satisfactory', '2024-09-22 01:07:48', '2024-09-22 01:07:48'),
(40, 8, 'Fair', '2024-09-22 01:07:48', '2024-09-22 01:07:48'),
(41, 8, 'Poor', '2024-09-22 01:07:48', '2024-09-22 01:07:48');

-- --------------------------------------------------------

--
-- Table structure for table `reportees`
--

CREATE TABLE `reportees` (
  `id` int(11) NOT NULL,
  `employee_id` int(11) NOT NULL,
  `reportee_id` int(11) NOT NULL,
  `created_at` datetime NOT NULL DEFAULT current_timestamp(),
  `updated_at` datetime NOT NULL DEFAULT current_timestamp()
) ENGINE=InnoDB DEFAULT CHARSET=utf8mb4 COLLATE=utf8mb4_general_ci;

--
-- Dumping data for table `reportees`
--

INSERT INTO `reportees` (`id`, `employee_id`, `reportee_id`, `created_at`, `updated_at`) VALUES
(14, 11, 3, '2024-05-04 10:37:54', '2024-05-04 10:37:54'),
(15, 12, 3, '2024-05-04 10:38:14', '2024-05-04 10:38:14'),
(16, 13, 3, '2024-05-04 10:38:49', '2024-05-04 10:38:49'),
(17, 14, 1, '2024-05-04 10:55:20', '2024-05-04 10:55:20'),
(19, 4, 1, '2024-05-16 14:47:06', '2024-05-16 14:47:06'),
(20, 4, 3, '2024-05-16 14:47:06', '2024-05-16 14:47:06'),
(21, 4, 7, '2024-05-16 14:47:07', '2024-05-16 14:47:07'),
(22, 4, 10, '2024-05-16 14:47:07', '2024-05-16 14:47:07'),
(23, 17, 16, '2024-05-29 16:10:31', '2024-05-29 16:10:31'),
(24, 18, 1, '2024-05-31 10:10:41', '2024-05-31 10:10:41'),
(25, 10, 7, '2024-06-28 14:20:50', '2024-06-28 14:20:50'),
(26, 3, 4, '2024-08-08 13:28:56', '2024-08-08 13:28:56'),
(27, 2, 2, '2024-08-09 05:04:15', '2024-08-09 05:04:15'),
(36, 21, 4, '2024-09-11 13:52:32', '2024-09-11 13:52:32'),
(38, 22, 16, '2024-09-21 15:07:56', '2024-09-21 15:07:56');

-- --------------------------------------------------------

--
-- Table structure for table `responsibilities`
--

CREATE TABLE `responsibilities` (
  `id` int(11) NOT NULL,
  `title` varchar(255) DEFAULT NULL,
  `status` varchar(255) DEFAULT NULL,
  `discription` text DEFAULT NULL,
  `time` varchar(255) DEFAULT NULL,
  `total_progress` varchar(255) DEFAULT NULL,
  `user_id` int(11) DEFAULT NULL,
  `created_at` datetime DEFAULT NULL,
  `updated_at` datetime DEFAULT NULL
) ENGINE=InnoDB DEFAULT CHARSET=utf8mb4 COLLATE=utf8mb4_general_ci;

--
-- Dumping data for table `responsibilities`
--

INSERT INTO `responsibilities` (`id`, `title`, `status`, `discription`, `time`, `total_progress`, `user_id`, `created_at`, `updated_at`) VALUES
(1, 'WORK', 'Active', 'TEST', '1723114897', '20', 16, '2024-08-08 11:04:24', '2024-08-08 11:04:24'),
(2, 'test', 'Active', 'test', '1725346333', '27', 1, '2024-09-03 06:52:39', '2024-10-05 08:03:21'),
(3, 'test', 'Active', 'ts', '1725346367', '24', 1, '2024-09-03 06:53:10', '2024-10-05 08:06:02'),
(4, 'tester', 'Active', 'test', '1726574704', '33', 21, '2024-09-17 12:06:48', '2024-10-05 08:05:41');

-- --------------------------------------------------------

--
-- Table structure for table `review_cycles`
--

CREATE TABLE `review_cycles` (
  `id` bigint(20) UNSIGNED NOT NULL,
  `title` varchar(255) DEFAULT NULL,
  `start_date` varchar(255) DEFAULT NULL,
  `end_date` varchar(255) DEFAULT NULL,
  `status` int(11) DEFAULT NULL,
  `created_at` timestamp NULL DEFAULT NULL,
  `updated_at` timestamp NULL DEFAULT NULL
) ENGINE=InnoDB DEFAULT CHARSET=utf8mb4 COLLATE=utf8mb4_unicode_ci;

--
-- Dumping data for table `review_cycles`
--

INSERT INTO `review_cycles` (`id`, `title`, `start_date`, `end_date`, `status`, `created_at`, `updated_at`) VALUES
(7, 'Mid Year review 2024', '2024-01-01', '2024-06-30', 1, '2024-08-04 03:53:15', '2024-08-04 03:53:15'),
(8, 'End Of Year Review 2024', '2024-07-01', '2024-12-31', 1, '2024-08-04 03:54:44', '2024-10-01 08:30:04');

-- --------------------------------------------------------

--
-- Table structure for table `review_templates`
--

CREATE TABLE `review_templates` (
  `id` int(11) NOT NULL,
  `temp_name` text DEFAULT NULL,
  `created_at` timestamp NOT NULL DEFAULT current_timestamp(),
  `updated_at` timestamp NOT NULL DEFAULT current_timestamp()
) ENGINE=InnoDB DEFAULT CHARSET=utf8mb4 COLLATE=utf8mb4_general_ci;

--
-- Dumping data for table `review_templates`
--

INSERT INTO `review_templates` (`id`, `temp_name`, `created_at`, `updated_at`) VALUES
(1, 'review 2014', '2023-12-04 09:39:36', '2023-12-04 09:39:36'),
(2, 'review 2015', '2023-12-04 09:39:42', '2023-12-04 09:39:42'),
(3, 'review 2016', '2023-12-04 09:39:42', '2023-12-04 09:39:42');

-- --------------------------------------------------------

--
-- Table structure for table `roles`
--

CREATE TABLE `roles` (
  `id` bigint(20) UNSIGNED NOT NULL,
  `name` varchar(255) NOT NULL,
  `guard_name` varchar(255) NOT NULL,
  `created_at` timestamp NULL DEFAULT NULL,
  `updated_at` timestamp NULL DEFAULT NULL
) ENGINE=InnoDB DEFAULT CHARSET=utf8mb4 COLLATE=utf8mb4_unicode_ci;

--
-- Dumping data for table `roles`
--

INSERT INTO `roles` (`id`, `name`, `guard_name`, `created_at`, `updated_at`) VALUES
(1, 'Employee', 'web', '2023-10-31 02:18:18', '2023-11-10 00:24:27'),
(2, 'Manager', 'web', '2023-10-31 03:31:56', '2023-11-01 01:40:03'),
(3, 'HR', 'web', '2023-11-01 01:54:22', '2023-11-01 01:54:22'),
(4, 'Project Manager', 'web', '2024-09-13 07:22:54', '2024-09-13 07:23:39');

-- --------------------------------------------------------

--
-- Table structure for table `role_has_permissions`
--

CREATE TABLE `role_has_permissions` (
  `permission_id` bigint(20) UNSIGNED NOT NULL,
  `role_id` bigint(20) UNSIGNED NOT NULL
) ENGINE=InnoDB DEFAULT CHARSET=utf8mb4 COLLATE=utf8mb4_unicode_ci;

--
-- Dumping data for table `role_has_permissions`
--

INSERT INTO `role_has_permissions` (`permission_id`, `role_id`) VALUES
(1, 4),
(2, 3),
(2, 4),
(3, 2),
(3, 3),
(3, 4),
(4, 4),
(8, 1),
(8, 2),
(8, 3),
(8, 4),
(9, 1),
(9, 2),
(9, 3),
(9, 4),
(11, 2),
(11, 3),
(11, 4),
(12, 2),
(12, 4),
(13, 2),
(13, 3),
(14, 2),
(15, 2),
(15, 3),
(17, 1),
(17, 2),
(17, 3),
(18, 2),
(18, 3),
(19, 1),
(19, 2),
(19, 3),
(20, 3),
(21, 2),
(21, 3),
(22, 3),
(23, 3),
(24, 2),
(24, 3),
(25, 2),
(27, 2),
(27, 3),
(28, 2),
(29, 2),
(30, 3),
(31, 1),
(33, 3);

-- --------------------------------------------------------

--
-- Table structure for table `skills`
--

CREATE TABLE `skills` (
  `id` bigint(20) UNSIGNED NOT NULL,
  `employee_id` bigint(20) UNSIGNED DEFAULT NULL,
  `skills` text DEFAULT NULL,
  `experience` varchar(255) DEFAULT NULL,
  `created_at` timestamp NULL DEFAULT current_timestamp(),
  `updated_at` timestamp NULL DEFAULT current_timestamp() ON UPDATE current_timestamp()
) ENGINE=MyISAM DEFAULT CHARSET=latin1 COLLATE=latin1_swedish_ci;

--
-- Dumping data for table `skills`
--

INSERT INTO `skills` (`id`, `employee_id`, `skills`, `experience`, `created_at`, `updated_at`) VALUES
(2, 4, 'tests', NULL, '2024-08-08 05:13:38', '2024-08-08 05:13:38'),
(3, 4, 'test', NULL, '2024-08-10 05:48:24', '2024-08-10 05:48:24'),
(4, 16, 'Public Speaking', NULL, '2024-09-11 12:26:27', '2024-09-11 12:26:27'),
(6, 23, 'Advanced Excel', NULL, '2024-09-22 17:19:11', '2024-09-22 17:19:11'),
(7, 23, 'Public Speaking', NULL, '2024-09-22 17:19:25', '2024-09-22 17:19:25'),
(8, 22, 'Supervision', NULL, '2024-09-22 21:46:36', '2024-09-22 21:46:36');

-- --------------------------------------------------------

--
-- Table structure for table `tasks`
--

CREATE TABLE `tasks` (
  `id` bigint(20) UNSIGNED NOT NULL,
  `title` varchar(255) DEFAULT NULL,
  `description` text DEFAULT NULL,
  `status` varchar(255) DEFAULT NULL,
  `user_id` bigint(20) UNSIGNED DEFAULT NULL,
  `start_date` varchar(255) DEFAULT NULL,
  `end_date` varchar(255) DEFAULT NULL,
  `created_at` timestamp NULL DEFAULT NULL,
  `updated_at` timestamp NULL DEFAULT NULL
) ENGINE=InnoDB DEFAULT CHARSET=utf8mb4 COLLATE=utf8mb4_unicode_ci;

-- --------------------------------------------------------

--
-- Table structure for table `temp_input_types`
--

CREATE TABLE `temp_input_types` (
  `id` int(11) NOT NULL,
  `label` varchar(255) DEFAULT NULL,
  `input_type_id` int(11) DEFAULT NULL,
  `placeholder` varchar(255) DEFAULT NULL,
  `input_name` text DEFAULT NULL,
  `rating_id` bigint(20) DEFAULT NULL,
  `created_at` timestamp NULL DEFAULT NULL,
  `updated_at` timestamp NULL DEFAULT NULL
) ENGINE=InnoDB DEFAULT CHARSET=utf8mb4 COLLATE=utf8mb4_general_ci;

--
-- Dumping data for table `temp_input_types`
--

INSERT INTO `temp_input_types` (`id`, `label`, `input_type_id`, `placeholder`, `input_name`, `rating_id`, `created_at`, `updated_at`) VALUES
(4, 'test', 12, NULL, 'test-responsibility-1724390390', 2, '2024-08-22 23:49:50', '2024-08-22 23:49:50'),
(9, 'test', 11, NULL, 'asdf-goal-1724405518', 2, '2024-08-23 04:01:58', '2024-08-23 04:01:58'),
(10, 'test 2', 10, NULL, 'asdf-competency-1724405531', 4, '2024-08-23 04:02:11', '2024-08-23 04:02:11'),
(11, 'test 3', 12, NULL, 'asdf-responsibility-1724405545', 1, '2024-08-23 04:02:25', '2024-08-23 04:02:25'),
(12, 'test', 11, NULL, 'asdf-goal-1724405692', 1, '2024-08-23 04:04:52', '2024-08-23 04:04:52'),
(13, 'test 2', 10, NULL, 'asdf-competency-1724405703', 4, '2024-08-23 04:05:03', '2024-08-23 04:05:03'),
(14, 'test 3', 12, NULL, 'asdf-responsibility-1724405711', 4, '2024-08-23 04:05:11', '2024-08-23 04:05:11');

-- --------------------------------------------------------

--
-- Table structure for table `temp_multiple_input_options`
--

CREATE TABLE `temp_multiple_input_options` (
  `id` bigint(20) UNSIGNED NOT NULL,
  `label` varchar(255) DEFAULT NULL,
  `type` varchar(255) DEFAULT NULL,
  `temp_input_id` bigint(20) UNSIGNED DEFAULT NULL,
  `created_at` timestamp NULL DEFAULT NULL,
  `updated_at` timestamp NULL DEFAULT NULL
) ENGINE=InnoDB DEFAULT CHARSET=utf8mb4 COLLATE=utf8mb4_unicode_ci;

-- --------------------------------------------------------

--
-- Table structure for table `trainings`
--

CREATE TABLE `trainings` (
  `id` bigint(20) UNSIGNED NOT NULL,
  `title` varchar(255) DEFAULT NULL,
  `status` int(11) NOT NULL,
  `description` text DEFAULT NULL,
  `start_time` varchar(255) DEFAULT NULL,
  `end_time` varchar(255) DEFAULT NULL,
  `certificate` int(11) DEFAULT NULL,
  `user_id` bigint(20) UNSIGNED NOT NULL,
  `institution_or_training_provider` varchar(255) DEFAULT NULL,
  `start_date` varchar(255) DEFAULT NULL,
  `completion_date` varchar(255) DEFAULT NULL,
  `certificate_award` int(11) DEFAULT NULL,
  `created_at` timestamp NULL DEFAULT NULL,
  `updated_at` timestamp NULL DEFAULT NULL
) ENGINE=InnoDB DEFAULT CHARSET=utf8mb4 COLLATE=utf8mb4_unicode_ci;

--
-- Dumping data for table `trainings`
--

INSERT INTO `trainings` (`id`, `title`, `status`, `description`, `start_time`, `end_time`, `certificate`, `user_id`, `institution_or_training_provider`, `start_date`, `completion_date`, `certificate_award`, `created_at`, `updated_at`) VALUES
(1, 'test', 2, 'test', '2024-08-08 11:06:14', '2024-08-08', NULL, 1, 'AIMS', '2024-08-08', '2024-08-08', 1, '2024-08-08 05:36:14', '2024-08-08 05:37:12'),
(2, 'test', 0, 'test', NULL, '2024-08-08', NULL, 1, 'PIMD', '2024-08-08', '2024-08-08', 1, '2024-08-08 05:39:22', '2024-08-08 05:39:59'),
(3, 'test', 0, 'ss', NULL, NULL, NULL, 1, 'test', '2024-08-08', NULL, 0, '2024-08-08 05:41:36', '2024-08-08 05:41:36'),
(5, 'Test', 0, 'Test', NULL, '2024-09-20', NULL, 21, 'Test', '2024-09-19', '2024-09-20', 0, '2024-09-20 03:34:35', '2024-09-20 03:37:46'),
(6, 'excel', 0, 'master excel', '2024-09-23 07:51:58', NULL, NULL, 23, NULL, NULL, NULL, NULL, '2024-09-23 14:51:58', '2024-09-23 14:51:58');

-- --------------------------------------------------------

--
-- Table structure for table `upload_files`
--

CREATE TABLE `upload_files` (
  `id` bigint(20) UNSIGNED NOT NULL,
  `file` varchar(255) DEFAULT NULL,
  `file_uid` varchar(255) DEFAULT NULL,
  `created_at` timestamp NULL DEFAULT NULL,
  `updated_at` timestamp NULL DEFAULT NULL
) ENGINE=InnoDB DEFAULT CHARSET=utf8mb4 COLLATE=utf8mb4_unicode_ci;

--
-- Dumping data for table `upload_files`
--

INSERT INTO `upload_files` (`id`, `file`, `file_uid`, `created_at`, `updated_at`) VALUES
(10, '1718114119.jpg', NULL, '2024-06-11 08:25:19', '2024-06-11 08:25:19'),
(12, '1721992501.png', NULL, '2024-07-26 05:45:01', '2024-07-26 05:45:01'),
(15, '1721993036.png', NULL, '2024-07-26 05:53:56', '2024-07-26 05:53:56'),
(17, '1721993059.png', NULL, '2024-07-26 05:54:19', '2024-07-26 05:54:19'),
(18, '1721993085.png', NULL, '2024-07-26 05:54:45', '2024-07-26 05:54:45'),
(19, '1722412586.jpg', NULL, '2024-07-31 02:26:27', '2024-07-31 02:26:27'),
(20, '1722412608.png', NULL, '2024-07-31 02:26:48', '2024-07-31 02:26:48'),
(21, '1722412664.jpg', NULL, '2024-07-31 02:27:44', '2024-07-31 02:27:44'),
(22, '1722413593.jpg', NULL, '2024-07-31 02:43:13', '2024-07-31 02:43:13'),
(23, '1722413625.jpg', NULL, '2024-07-31 02:43:45', '2024-07-31 02:43:45'),
(24, '1722413646.png', NULL, '2024-07-31 02:44:06', '2024-07-31 02:44:06'),
(25, '1723107786.png', NULL, '2024-08-08 03:33:06', '2024-08-08 03:33:06'),
(26, '1723109600.png', NULL, '2024-08-08 04:03:20', '2024-08-08 04:03:20'),
(27, '1723109797.jpg', NULL, '2024-08-08 04:06:37', '2024-08-08 04:06:37'),
(28, '1723119570.png', NULL, '2024-08-08 06:49:30', '2024-08-08 06:49:30'),
(29, '1723119600.jpg', NULL, '2024-08-08 06:50:00', '2024-08-08 06:50:00'),
(30, '1723288077.png', NULL, '2024-08-10 05:37:57', '2024-08-10 05:37:57'),
(31, '1724231258.jpg', NULL, '2024-08-21 03:37:38', '2024-08-21 03:37:38'),
(32, '1726569487.png', NULL, '2024-09-17 05:08:07', '2024-09-17 05:08:07'),
(33, '1726931372.jpg', NULL, '2024-09-21 22:09:32', '2024-09-21 22:09:32'),
(34, '1726931553.jpg', NULL, '2024-09-21 22:12:34', '2024-09-21 22:12:34'),
(35, '1726941868.jpg', NULL, '2024-09-22 01:04:28', '2024-09-22 01:04:28');

-- --------------------------------------------------------

--
-- Table structure for table `users`
--

CREATE TABLE `users` (
  `id` bigint(20) UNSIGNED NOT NULL,
  `name` varchar(255) DEFAULT NULL,
  `email` varchar(255) DEFAULT NULL,
  `department_id` int(11) DEFAULT NULL,
  `employment_start` varchar(50) DEFAULT NULL,
  `employment_end` varchar(50) DEFAULT NULL,
  `reporting_to` int(11) DEFAULT NULL,
  `manager_id` int(11) DEFAULT NULL,
  `d_o_b` varchar(50) DEFAULT NULL,
  `employee_code` varchar(255) DEFAULT NULL,
  `is_login` int(11) NOT NULL DEFAULT 0 COMMENT 'admin=0,user=1',
  `email_verified_at` timestamp NULL DEFAULT NULL,
  `password` varchar(255) DEFAULT NULL,
  `remember_token` varchar(100) DEFAULT NULL,
  `national_id` varchar(255) DEFAULT NULL,
  `phone_number` bigint(20) UNSIGNED DEFAULT NULL,
  `gender` varchar(255) DEFAULT NULL,
  `nationality` varchar(255) DEFAULT NULL,
  `marital_status` varchar(255) DEFAULT NULL,
  `emergency_contact` bigint(20) UNSIGNED DEFAULT NULL,
  `language_id` varchar(255) DEFAULT NULL,
  `file_id` bigint(20) UNSIGNED DEFAULT NULL,
  `residention_address` longtext DEFAULT NULL,
  `job_title` varchar(255) DEFAULT NULL,
  `created_at` timestamp NULL DEFAULT current_timestamp(),
  `updated_at` timestamp NULL DEFAULT current_timestamp()
) ENGINE=InnoDB DEFAULT CHARSET=utf8mb4 COLLATE=utf8mb4_unicode_ci;

--
-- Dumping data for table `users`
--

INSERT INTO `users` (`id`, `name`, `email`, `department_id`, `employment_start`, `employment_end`, `reporting_to`, `manager_id`, `d_o_b`, `employee_code`, `is_login`, `email_verified_at`, `password`, `remember_token`, `national_id`, `phone_number`, `gender`, `nationality`, `marital_status`, `emergency_contact`, `language_id`, `file_id`, `residention_address`, `job_title`, `created_at`, `updated_at`) VALUES
(1, 'Chantale Barrau', 'chetan@gmail.com', 10, '2023-10-25', NULL, 22, 22, '2023-10-04', 'CHETAN1989', 0, NULL, '$2y$10$VlZhAqtBpCA0375u6JKxRe6p9nVLh0rlk8uRRr0L0sey3Pdd.DiQS', 'ZY4ihAy3MNBinEkVSelwLagxcdo6CIBRqWb8wzODXpXyuTJHu0G5Y2tx7oF3', '658-87-45', 987654321, 'male', '2', 'single', NULL, '2,3', 35, 'test', 'Sales Officer', '2023-10-31 05:11:58', '2024-09-22 10:33:31'),
(2, 'HR', 'hr@gmail.com', 2, '2023-10-26', NULL, 4, 4, '2023-10-12', 'RAHUL1989', 0, NULL, '$2y$10$V/uX/ew/fnPicJYXtrKTV.DEbvXFdcy1lUIm.QG4SjHbnYIvkEef.', 'RM3fby7kBnTortphGoWTodBLAewX5fQN4gi65A5ByLvuSxGjlvgLl3ZCJVXL', '658-87-45', 987654321, 'male', '1', 'single', NULL, '2', NULL, 'test', 'HR', '2023-10-31 05:19:04', '2024-08-08 23:34:15'),
(3, 'Rahul Parmar', 'rahul@gmail.com', 3, '2023-11-15', NULL, 4, 4, '2023-11-15', 'RAHUL1989', 0, NULL, '$2y$10$I663JuUbKheBkoG/pyGIoOFeVvQ7eJa0oosC3Gv6BMDXd5VK6yl2.', 'C2G7LxnIBKOQ0VcEqhuN6JJMjLCXojI0nl8XrqfD9Iwix0aQEa4VsxPsoEq5', '993623656', 7896585214, 'male', '101', 'married', NULL, '2,3', NULL, 'test', 'test', '2023-11-01 01:38:18', '2024-08-08 07:58:56'),
(4, 'Kishor Kumar', 'kishor@gmail.com', 1, '2023-11-08', NULL, 2, 4, '2023-11-15', 'KISHOR1989', 0, NULL, '$2y$10$I663JuUbKheBkoG/pyGIoOFeVvQ7eJa0oosC3Gv6BMDXd5VK6yl2.', 'D0w3gj5H76AQazDXCu4fDKGwbvDMQQg815bfIIx44yb9jbkx5e5TOYW1BCdd', '658-87-45', 987654321, 'male', '101', 'single', NULL, '2,3', 30, 'test', NULL, '2023-11-01 01:41:33', '2024-08-10 05:37:57'),
(7, 'Vishal Mukati', 'vishal@gmail.com', 1, '2023-11-07', NULL, 1, 4, '2023-11-22', 'VISHAL1989', 0, NULL, '$2y$10$I663JuUbKheBkoG/pyGIoOFeVvQ7eJa0oosC3Gv6BMDXd5VK6yl2.', 'niswFcwGhb8YCutGWEd7Ul4PVfs7H7y93DkXd1imRhEMsBNUgItKcB0nkgFN', '658-87-45', 987654321, 'male', '82', 'married', NULL, '2,3', NULL, 'test', NULL, '2023-11-01 02:04:03', '2024-05-16 09:18:00'),
(10, 'Abhishek Patel1', 'abhishek@gmail.com', 1, '2023-11-15', NULL, 1, 3, '2023-11-21', 'ABHISHEK1989', 0, NULL, '$2y$10$I663JuUbKheBkoG/pyGIoOFeVvQ7eJa0oosC3Gv6BMDXd5VK6yl2.', 'o0OVtu5uXmYaXeqjj4JzVnfWFpBKDxL91uYz1yPIZrER5kqTMjzq8ssjfOhH', '658-87-45', 987654321, 'male', '3', 'single', NULL, '3', NULL, 'Glacis, Mahe, Seychelles', 'Programmer', '2023-11-01 03:48:56', '2024-06-28 08:50:50'),
(14, 'atul', 'rohit-07-10-24@yopmail.com', 3, '2024-05-09', NULL, 4, 3, '2024-05-08', 'test@12', 0, NULL, '$2y$10$U5SCUuCpAy9rf8QpiWzHk.Mn5Fn0aJZvVJRf7PqezCy3CMAbrWsMq', NULL, '658-87-45', 987654321, 'male', 'Indian', 'single', 987654321, '2,3', NULL, NULL, NULL, '2024-05-04 05:25:20', '2024-05-04 05:25:20'),
(16, 'Elton', 'elton@gmail.com', 3, '2024-05-05', NULL, 2, 4, '2012-05-03', '001', 0, NULL, '$2y$10$4kR.kT.G1o8NUb6wUsAcbOBcSphKV405xLPgDA5x06MqSzFi4TBde', 'agKCmcE7AL2xPJ7OgI5neriPRiCfgSjAM0lnBZQixtUa27zsl4v1ATSc4M3u', '6388895993000230', 2589117, 'male', '194', 'married', NULL, '3', 24, 'Mahe', 'test', '2024-05-05 01:39:36', '2024-07-31 04:59:27'),
(17, 'Cosette', 'cosette@gmail.com', 2, '2024-05-29', NULL, 2, 4, '2024-05-13', '01', 0, NULL, '$2y$10$hSKrWBYIM7cfk4yhQJCiieGb7s0QikGjpIfJCs4nZ/Kmykn/slBHa', NULL, '4445789088', 2589117, 'female', '194', 'married', NULL, '3', NULL, 'Mahe', NULL, '2024-05-29 10:40:31', '2024-05-29 10:40:31'),
(18, 'test3105', 'test-3105@yopmail.com', 1, '2024-05-31', NULL, 1, 4, '2024-05-01', '9630258', 0, NULL, '$2y$10$UvtFNjxZrQmY98GGPYtfwu3bsDtT/Mxl3H3pTBBDwUBRdUNQyMzwK', 'zmqHL5kIj3cGcvCYqXFyio5aRPUKyfdcO42JEaT3UOTrkrwor1rXbQBl87MT', '546654645565', 7896585214, 'male', '101', 'married', NULL, '2,3', NULL, 'test', NULL, '2024-05-31 04:40:41', '2024-05-31 04:40:41'),
(19, 'Maria', 'maria@gmail.com', 4, '2014-06-03', NULL, 17, 17, '1987-08-06', '002', 0, NULL, '$2y$10$2X/thb9npEeJfL.jsFU/Xu8bNrvmi7XfOGjEZvoi3edNnNNf3kh3y', 'IYR787tdNXXEe10wVi806XOJyp8w0957d74FisdTJzsMMKaQkNBxlLzO4fJp', '88499403087837', 235567889, 'female', '194', 'married', NULL, '3', 31, 'victoria', 'Senior warehouse supervisor', '2024-08-21 03:30:56', '2024-08-21 03:37:38'),
(21, 'AJ Tester', 'ajtester@yopmail.com', 1, '2024-02-15', '2025-02-15', 2, 2, '2024-01-01', '0008', 0, NULL, '$2y$10$aDOZm2nq1QOs01ux8BC9DeuCGL.9p6n9n43SaDMTixfkj57bmUgl.', 'TR5xzJbYKYzlNP82RJvrVVOxlS2o5rDCQHOOD9Li1Vd5Snu4VLkYECWYpaut', '0987', 3333333333, 'female', '101', 'single', NULL, '3', NULL, 'Test', 'QA', '2024-09-11 03:57:19', '2024-09-20 02:33:05'),
(22, 'Carol Victor', 'carol@gmail.com', 10, '2022-09-06', NULL, 2, 2, '1982-02-19', '005', 0, NULL, '$2y$10$7/sn6BxjSF7HpjyPZgc0R.w0basl4473T0jRTkVWe2AsWa4HfOg56', 'Cd8reibyAGgVzBpnJFp5u0XtgReK4qNU0qS9jqkYSgIKJ5AwZRbep6V5W3iO', '8995060606060606', 7584949409, 'female', '194', 'married', NULL, '3', 33, 'victoria mahe', 'Sales Manager', '2024-09-21 21:25:11', '2024-09-21 22:09:32'),
(23, 'Steve Marie', 'steve@gmail.com', 10, '2022-07-01', NULL, 22, 22, '1999-09-09', '007', 0, NULL, '$2y$10$8KD5Q/yJXtrRcgBCFd7kBez/nYIWJEEKzxrxdja4h.nWdWKsk1OMG', 'VQSeiSu9ZzIQ8SNh71etPEstQwtu8KiJhawK0B0uNKSnW079seek44PU9fvL', '8995060606060606', 75849497848, 'male', '194', 'single', NULL, '3', 34, 'Beau Vallon, Mahe , Seychelles', 'Sales Officer', '2024-09-21 21:32:49', '2024-09-22 21:40:51');

-- --------------------------------------------------------

--
-- Table structure for table `wages_and_benefits`
--

CREATE TABLE `wages_and_benefits` (
  `id` bigint(20) UNSIGNED NOT NULL,
  `user_id` int(10) UNSIGNED DEFAULT NULL,
  `items` varchar(255) DEFAULT NULL,
  `currency` varchar(255) DEFAULT NULL,
  `amount` varchar(255) DEFAULT NULL,
  `file_path` varchar(255) DEFAULT NULL,
  `created_at` timestamp NULL DEFAULT NULL,
  `updated_at` timestamp NULL DEFAULT NULL
) ENGINE=InnoDB DEFAULT CHARSET=utf8mb4 COLLATE=utf8mb4_unicode_ci;

--
-- Dumping data for table `wages_and_benefits`
--

INSERT INTO `wages_and_benefits` (`id`, `user_id`, `items`, `currency`, `amount`, `file_path`, `created_at`, `updated_at`) VALUES
(1, 1, 'Gross Basic Salary', 'SRC', '220', NULL, '2024-06-07 10:54:03', '2024-06-07 10:54:03'),
(2, 1, 'On call allowance ', 'SCR', '1200', NULL, '2024-06-07 12:00:22', '2024-06-07 12:00:22'),
(3, 1, 'Housing Allowance', 'SCR', '3500', NULL, '2024-06-07 12:00:22', '2024-06-07 12:00:22'),
(5, 16, 'september payslip', 'scr', '1234', 'uploads/wagesandbenefits/Px728gqhxv.pdf', '2024-09-27 15:31:12', '2024-09-27 15:31:12');

--
-- Indexes for dumped tables
--

--
-- Indexes for table `activity`
--
ALTER TABLE `activity`
  ADD PRIMARY KEY (`id`);

--
-- Indexes for table `activity_log`
--
ALTER TABLE `activity_log`
  ADD PRIMARY KEY (`id`);

--
-- Indexes for table `admins`
--
ALTER TABLE `admins`
  ADD PRIMARY KEY (`id`),
  ADD UNIQUE KEY `admins_email_unique` (`email`);

--
-- Indexes for table `appraisals`
--
ALTER TABLE `appraisals`
  ADD PRIMARY KEY (`id`);

--
-- Indexes for table `assess_potentials`
--
ALTER TABLE `assess_potentials`
  ADD PRIMARY KEY (`id`);

--
-- Indexes for table `certificate`
--
ALTER TABLE `certificate`
  ADD PRIMARY KEY (`id`);

--
-- Indexes for table `colors`
--
ALTER TABLE `colors`
  ADD PRIMARY KEY (`id`);

--
-- Indexes for table `company_announcements`
--
ALTER TABLE `company_announcements`
  ADD PRIMARY KEY (`id`);

--
-- Indexes for table `competencies`
--
ALTER TABLE `competencies`
  ADD PRIMARY KEY (`id`);

--
-- Indexes for table `countries`
--
ALTER TABLE `countries`
  ADD PRIMARY KEY (`id`);

--
-- Indexes for table `departments`
--
ALTER TABLE `departments`
  ADD PRIMARY KEY (`id`);

--
-- Indexes for table `developments`
--
ALTER TABLE `developments`
  ADD PRIMARY KEY (`id`);

--
-- Indexes for table `disciplinary_action_type`
--
ALTER TABLE `disciplinary_action_type`
  ADD PRIMARY KEY (`id`);

--
-- Indexes for table `disciplinary_letters`
--
ALTER TABLE `disciplinary_letters`
  ADD PRIMARY KEY (`id`);

--
-- Indexes for table `documents`
--
ALTER TABLE `documents`
  ADD PRIMARY KEY (`id`);

--
-- Indexes for table `document_categories`
--
ALTER TABLE `document_categories`
  ADD PRIMARY KEY (`id`);

--
-- Indexes for table `educations`
--
ALTER TABLE `educations`
  ADD PRIMARY KEY (`id`);

--
-- Indexes for table `emergency_contacts`
--
ALTER TABLE `emergency_contacts`
  ADD PRIMARY KEY (`id`);

--
-- Indexes for table `failed_jobs`
--
ALTER TABLE `failed_jobs`
  ADD PRIMARY KEY (`id`),
  ADD UNIQUE KEY `failed_jobs_uuid_unique` (`uuid`);

--
-- Indexes for table `goals`
--
ALTER TABLE `goals`
  ADD PRIMARY KEY (`id`);

--
-- Indexes for table `goal_categories`
--
ALTER TABLE `goal_categories`
  ADD PRIMARY KEY (`id`);

--
-- Indexes for table `goal_reviews`
--
ALTER TABLE `goal_reviews`
  ADD PRIMARY KEY (`id`);

--
-- Indexes for table `goal_review_stores`
--
ALTER TABLE `goal_review_stores`
  ADD PRIMARY KEY (`id`);

--
-- Indexes for table `goal_statuses`
--
ALTER TABLE `goal_statuses`
  ADD PRIMARY KEY (`id`);

--
-- Indexes for table `holidays`
--
ALTER TABLE `holidays`
  ADD PRIMARY KEY (`id`);

--
-- Indexes for table `input_types`
--
ALTER TABLE `input_types`
  ADD PRIMARY KEY (`id`);

--
-- Indexes for table `key_results`
--
ALTER TABLE `key_results`
  ADD PRIMARY KEY (`id`);

--
-- Indexes for table `languages`
--
ALTER TABLE `languages`
  ADD PRIMARY KEY (`id`);

--
-- Indexes for table `leave_requests`
--
ALTER TABLE `leave_requests`
  ADD PRIMARY KEY (`id`);

--
-- Indexes for table `leave_schedules`
--
ALTER TABLE `leave_schedules`
  ADD PRIMARY KEY (`id`);

--
-- Indexes for table `leave_types`
--
ALTER TABLE `leave_types`
  ADD PRIMARY KEY (`id`);

--
-- Indexes for table `masters`
--
ALTER TABLE `masters`
  ADD PRIMARY KEY (`id`),
  ADD UNIQUE KEY `masters_email_unique` (`email`);

--
-- Indexes for table `migrations`
--
ALTER TABLE `migrations`
  ADD PRIMARY KEY (`id`);

--
-- Indexes for table `model_has_permissions`
--
ALTER TABLE `model_has_permissions`
  ADD PRIMARY KEY (`permission_id`,`model_id`,`model_type`),
  ADD KEY `model_has_permissions_model_id_model_type_index` (`model_id`,`model_type`);

--
-- Indexes for table `model_has_roles`
--
ALTER TABLE `model_has_roles`
  ADD PRIMARY KEY (`role_id`,`model_id`,`model_type`),
  ADD KEY `model_has_roles_model_id_model_type_index` (`model_id`,`model_type`);

--
-- Indexes for table `password_reset_tokens`
--
ALTER TABLE `password_reset_tokens`
  ADD PRIMARY KEY (`email`);

--
-- Indexes for table `pdf_uploads`
--
ALTER TABLE `pdf_uploads`
  ADD PRIMARY KEY (`id`);

--
-- Indexes for table `performances`
--
ALTER TABLE `performances`
  ADD PRIMARY KEY (`id`);

--
-- Indexes for table `performance_goals`
--
ALTER TABLE `performance_goals`
  ADD PRIMARY KEY (`id`);

--
-- Indexes for table `permissions`
--
ALTER TABLE `permissions`
  ADD PRIMARY KEY (`id`),
  ADD UNIQUE KEY `permissions_name_guard_name_unique` (`name`,`guard_name`);

--
-- Indexes for table `personal_access_tokens`
--
ALTER TABLE `personal_access_tokens`
  ADD PRIMARY KEY (`id`),
  ADD UNIQUE KEY `personal_access_tokens_token_unique` (`token`),
  ADD KEY `personal_access_tokens_tokenable_type_tokenable_id_index` (`tokenable_type`,`tokenable_id`);

--
-- Indexes for table `questionnaires`
--
ALTER TABLE `questionnaires`
  ADD PRIMARY KEY (`id`);

--
-- Indexes for table `que_forms`
--
ALTER TABLE `que_forms`
  ADD PRIMARY KEY (`id`);

--
-- Indexes for table `que_form_inputs`
--
ALTER TABLE `que_form_inputs`
  ADD PRIMARY KEY (`id`);

--
-- Indexes for table `que_form_multiple_inputs`
--
ALTER TABLE `que_form_multiple_inputs`
  ADD PRIMARY KEY (`id`);

--
-- Indexes for table `que_form_sections`
--
ALTER TABLE `que_form_sections`
  ADD PRIMARY KEY (`id`);

--
-- Indexes for table `rating_scales`
--
ALTER TABLE `rating_scales`
  ADD PRIMARY KEY (`id`);

--
-- Indexes for table `rating_scale_options`
--
ALTER TABLE `rating_scale_options`
  ADD PRIMARY KEY (`id`),
  ADD KEY `rating_scale_id` (`rating_scale_id`);

--
-- Indexes for table `reportees`
--
ALTER TABLE `reportees`
  ADD PRIMARY KEY (`id`);

--
-- Indexes for table `responsibilities`
--
ALTER TABLE `responsibilities`
  ADD PRIMARY KEY (`id`);

--
-- Indexes for table `review_cycles`
--
ALTER TABLE `review_cycles`
  ADD PRIMARY KEY (`id`);

--
-- Indexes for table `review_templates`
--
ALTER TABLE `review_templates`
  ADD PRIMARY KEY (`id`);

--
-- Indexes for table `roles`
--
ALTER TABLE `roles`
  ADD PRIMARY KEY (`id`),
  ADD UNIQUE KEY `roles_name_guard_name_unique` (`name`,`guard_name`);

--
-- Indexes for table `role_has_permissions`
--
ALTER TABLE `role_has_permissions`
  ADD PRIMARY KEY (`permission_id`,`role_id`),
  ADD KEY `role_has_permissions_role_id_foreign` (`role_id`);

--
-- Indexes for table `skills`
--
ALTER TABLE `skills`
  ADD PRIMARY KEY (`id`);

--
-- Indexes for table `tasks`
--
ALTER TABLE `tasks`
  ADD PRIMARY KEY (`id`);

--
-- Indexes for table `temp_input_types`
--
ALTER TABLE `temp_input_types`
  ADD PRIMARY KEY (`id`);

--
-- Indexes for table `temp_multiple_input_options`
--
ALTER TABLE `temp_multiple_input_options`
  ADD PRIMARY KEY (`id`);

--
-- Indexes for table `trainings`
--
ALTER TABLE `trainings`
  ADD PRIMARY KEY (`id`),
  ADD KEY `trainings_user_id_foreign` (`user_id`);

--
-- Indexes for table `upload_files`
--
ALTER TABLE `upload_files`
  ADD PRIMARY KEY (`id`);

--
-- Indexes for table `users`
--
ALTER TABLE `users`
  ADD PRIMARY KEY (`id`),
  ADD UNIQUE KEY `admins_email_unique` (`email`);

--
-- Indexes for table `wages_and_benefits`
--
ALTER TABLE `wages_and_benefits`
  ADD PRIMARY KEY (`id`);

--
-- AUTO_INCREMENT for dumped tables
--

--
-- AUTO_INCREMENT for table `activity`
--
ALTER TABLE `activity`
  MODIFY `id` int(11) NOT NULL AUTO_INCREMENT, AUTO_INCREMENT=101;

--
-- AUTO_INCREMENT for table `activity_log`
--
ALTER TABLE `activity_log`
  MODIFY `id` int(11) NOT NULL AUTO_INCREMENT, AUTO_INCREMENT=354;

--
-- AUTO_INCREMENT for table `admins`
--
ALTER TABLE `admins`
  MODIFY `id` bigint(20) UNSIGNED NOT NULL AUTO_INCREMENT, AUTO_INCREMENT=2;

--
-- AUTO_INCREMENT for table `appraisals`
--
ALTER TABLE `appraisals`
  MODIFY `id` int(11) NOT NULL AUTO_INCREMENT, AUTO_INCREMENT=40;

--
-- AUTO_INCREMENT for table `assess_potentials`
--
ALTER TABLE `assess_potentials`
  MODIFY `id` bigint(20) UNSIGNED NOT NULL AUTO_INCREMENT, AUTO_INCREMENT=2;

--
-- AUTO_INCREMENT for table `certificate`
--
ALTER TABLE `certificate`
  MODIFY `id` bigint(20) UNSIGNED NOT NULL AUTO_INCREMENT, AUTO_INCREMENT=22;

--
-- AUTO_INCREMENT for table `colors`
--
ALTER TABLE `colors`
  MODIFY `id` bigint(20) UNSIGNED NOT NULL AUTO_INCREMENT, AUTO_INCREMENT=117;

--
-- AUTO_INCREMENT for table `company_announcements`
--
ALTER TABLE `company_announcements`
  MODIFY `id` bigint(20) UNSIGNED NOT NULL AUTO_INCREMENT, AUTO_INCREMENT=7;

--
-- AUTO_INCREMENT for table `competencies`
--
ALTER TABLE `competencies`
  MODIFY `id` bigint(20) UNSIGNED NOT NULL AUTO_INCREMENT, AUTO_INCREMENT=6;

--
-- AUTO_INCREMENT for table `countries`
--
ALTER TABLE `countries`
  MODIFY `id` int(11) NOT NULL AUTO_INCREMENT, AUTO_INCREMENT=247;

--
-- AUTO_INCREMENT for table `departments`
--
ALTER TABLE `departments`
  MODIFY `id` bigint(20) UNSIGNED NOT NULL AUTO_INCREMENT, AUTO_INCREMENT=12;

--
-- AUTO_INCREMENT for table `developments`
--
ALTER TABLE `developments`
  MODIFY `id` int(11) NOT NULL AUTO_INCREMENT, AUTO_INCREMENT=3;

--
-- AUTO_INCREMENT for table `disciplinary_action_type`
--
ALTER TABLE `disciplinary_action_type`
  MODIFY `id` int(11) NOT NULL AUTO_INCREMENT, AUTO_INCREMENT=4;

--
-- AUTO_INCREMENT for table `disciplinary_letters`
--
ALTER TABLE `disciplinary_letters`
  MODIFY `id` bigint(20) UNSIGNED NOT NULL AUTO_INCREMENT, AUTO_INCREMENT=4;

--
-- AUTO_INCREMENT for table `documents`
--
ALTER TABLE `documents`
  MODIFY `id` int(11) NOT NULL AUTO_INCREMENT, AUTO_INCREMENT=2;

--
-- AUTO_INCREMENT for table `document_categories`
--
ALTER TABLE `document_categories`
  MODIFY `id` int(11) NOT NULL AUTO_INCREMENT, AUTO_INCREMENT=2;

--
-- AUTO_INCREMENT for table `educations`
--
ALTER TABLE `educations`
  MODIFY `id` bigint(20) UNSIGNED NOT NULL AUTO_INCREMENT;

--
-- AUTO_INCREMENT for table `emergency_contacts`
--
ALTER TABLE `emergency_contacts`
  MODIFY `id` bigint(20) UNSIGNED NOT NULL AUTO_INCREMENT, AUTO_INCREMENT=24;

--
-- AUTO_INCREMENT for table `failed_jobs`
--
ALTER TABLE `failed_jobs`
  MODIFY `id` bigint(20) UNSIGNED NOT NULL AUTO_INCREMENT;

--
-- AUTO_INCREMENT for table `goals`
--
ALTER TABLE `goals`
  MODIFY `id` int(11) NOT NULL AUTO_INCREMENT, AUTO_INCREMENT=18;

--
-- AUTO_INCREMENT for table `goal_categories`
--
ALTER TABLE `goal_categories`
  MODIFY `id` bigint(20) UNSIGNED NOT NULL AUTO_INCREMENT, AUTO_INCREMENT=10;

--
-- AUTO_INCREMENT for table `goal_reviews`
--
ALTER TABLE `goal_reviews`
  MODIFY `id` int(11) NOT NULL AUTO_INCREMENT, AUTO_INCREMENT=27;

--
-- AUTO_INCREMENT for table `goal_review_stores`
--
ALTER TABLE `goal_review_stores`
  MODIFY `id` int(11) NOT NULL AUTO_INCREMENT, AUTO_INCREMENT=33;

--
-- AUTO_INCREMENT for table `goal_statuses`
--
ALTER TABLE `goal_statuses`
  MODIFY `id` bigint(20) UNSIGNED NOT NULL AUTO_INCREMENT, AUTO_INCREMENT=10;

--
-- AUTO_INCREMENT for table `holidays`
--
ALTER TABLE `holidays`
  MODIFY `id` int(11) NOT NULL AUTO_INCREMENT, AUTO_INCREMENT=7;

--
-- AUTO_INCREMENT for table `input_types`
--
ALTER TABLE `input_types`
  MODIFY `id` bigint(20) UNSIGNED NOT NULL AUTO_INCREMENT, AUTO_INCREMENT=14;

--
-- AUTO_INCREMENT for table `key_results`
--
ALTER TABLE `key_results`
  MODIFY `id` bigint(20) UNSIGNED NOT NULL AUTO_INCREMENT, AUTO_INCREMENT=36;

--
-- AUTO_INCREMENT for table `languages`
--
ALTER TABLE `languages`
  MODIFY `id` bigint(20) UNSIGNED NOT NULL AUTO_INCREMENT, AUTO_INCREMENT=4;

--
-- AUTO_INCREMENT for table `leave_requests`
--
ALTER TABLE `leave_requests`
  MODIFY `id` bigint(20) UNSIGNED NOT NULL AUTO_INCREMENT, AUTO_INCREMENT=9;

--
-- AUTO_INCREMENT for table `leave_schedules`
--
ALTER TABLE `leave_schedules`
  MODIFY `id` int(11) NOT NULL AUTO_INCREMENT, AUTO_INCREMENT=46;

--
-- AUTO_INCREMENT for table `leave_types`
--
ALTER TABLE `leave_types`
  MODIFY `id` bigint(20) UNSIGNED NOT NULL AUTO_INCREMENT, AUTO_INCREMENT=10;

--
-- AUTO_INCREMENT for table `masters`
--
ALTER TABLE `masters`
  MODIFY `id` bigint(20) UNSIGNED NOT NULL AUTO_INCREMENT, AUTO_INCREMENT=2;

--
-- AUTO_INCREMENT for table `migrations`
--
ALTER TABLE `migrations`
  MODIFY `id` int(10) UNSIGNED NOT NULL AUTO_INCREMENT, AUTO_INCREMENT=12;

--
-- AUTO_INCREMENT for table `pdf_uploads`
--
ALTER TABLE `pdf_uploads`
  MODIFY `id` bigint(20) UNSIGNED NOT NULL AUTO_INCREMENT, AUTO_INCREMENT=3;

--
-- AUTO_INCREMENT for table `performances`
--
ALTER TABLE `performances`
  MODIFY `id` int(11) NOT NULL AUTO_INCREMENT;

--
-- AUTO_INCREMENT for table `performance_goals`
--
ALTER TABLE `performance_goals`
  MODIFY `id` int(11) NOT NULL AUTO_INCREMENT;

--
-- AUTO_INCREMENT for table `permissions`
--
ALTER TABLE `permissions`
  MODIFY `id` bigint(20) UNSIGNED NOT NULL AUTO_INCREMENT, AUTO_INCREMENT=35;

--
-- AUTO_INCREMENT for table `personal_access_tokens`
--
ALTER TABLE `personal_access_tokens`
  MODIFY `id` bigint(20) UNSIGNED NOT NULL AUTO_INCREMENT;

--
-- AUTO_INCREMENT for table `questionnaires`
--
ALTER TABLE `questionnaires`
  MODIFY `id` int(11) NOT NULL AUTO_INCREMENT, AUTO_INCREMENT=53;

--
-- AUTO_INCREMENT for table `que_forms`
--
ALTER TABLE `que_forms`
  MODIFY `id` bigint(20) UNSIGNED NOT NULL AUTO_INCREMENT, AUTO_INCREMENT=30;

--
-- AUTO_INCREMENT for table `que_form_inputs`
--
ALTER TABLE `que_form_inputs`
  MODIFY `id` bigint(20) UNSIGNED NOT NULL AUTO_INCREMENT, AUTO_INCREMENT=63;

--
-- AUTO_INCREMENT for table `que_form_multiple_inputs`
--
ALTER TABLE `que_form_multiple_inputs`
  MODIFY `id` bigint(20) UNSIGNED NOT NULL AUTO_INCREMENT, AUTO_INCREMENT=22;

--
-- AUTO_INCREMENT for table `que_form_sections`
--
ALTER TABLE `que_form_sections`
  MODIFY `id` bigint(20) UNSIGNED NOT NULL AUTO_INCREMENT, AUTO_INCREMENT=38;

--
-- AUTO_INCREMENT for table `rating_scales`
--
ALTER TABLE `rating_scales`
  MODIFY `id` bigint(20) UNSIGNED NOT NULL AUTO_INCREMENT, AUTO_INCREMENT=9;

--
-- AUTO_INCREMENT for table `rating_scale_options`
--
ALTER TABLE `rating_scale_options`
  MODIFY `id` bigint(20) UNSIGNED NOT NULL AUTO_INCREMENT, AUTO_INCREMENT=42;

--
-- AUTO_INCREMENT for table `reportees`
--
ALTER TABLE `reportees`
  MODIFY `id` int(11) NOT NULL AUTO_INCREMENT, AUTO_INCREMENT=39;

--
-- AUTO_INCREMENT for table `responsibilities`
--
ALTER TABLE `responsibilities`
  MODIFY `id` int(11) NOT NULL AUTO_INCREMENT, AUTO_INCREMENT=5;

--
-- AUTO_INCREMENT for table `review_cycles`
--
ALTER TABLE `review_cycles`
  MODIFY `id` bigint(20) UNSIGNED NOT NULL AUTO_INCREMENT, AUTO_INCREMENT=9;

--
-- AUTO_INCREMENT for table `review_templates`
--
ALTER TABLE `review_templates`
  MODIFY `id` int(11) NOT NULL AUTO_INCREMENT, AUTO_INCREMENT=4;

--
-- AUTO_INCREMENT for table `roles`
--
ALTER TABLE `roles`
  MODIFY `id` bigint(20) UNSIGNED NOT NULL AUTO_INCREMENT, AUTO_INCREMENT=5;

--
-- AUTO_INCREMENT for table `skills`
--
ALTER TABLE `skills`
  MODIFY `id` bigint(20) UNSIGNED NOT NULL AUTO_INCREMENT, AUTO_INCREMENT=9;

--
-- AUTO_INCREMENT for table `tasks`
--
ALTER TABLE `tasks`
  MODIFY `id` bigint(20) UNSIGNED NOT NULL AUTO_INCREMENT;

--
-- AUTO_INCREMENT for table `temp_input_types`
--
ALTER TABLE `temp_input_types`
  MODIFY `id` int(11) NOT NULL AUTO_INCREMENT, AUTO_INCREMENT=15;

--
-- AUTO_INCREMENT for table `temp_multiple_input_options`
--
ALTER TABLE `temp_multiple_input_options`
  MODIFY `id` bigint(20) UNSIGNED NOT NULL AUTO_INCREMENT;

--
-- AUTO_INCREMENT for table `trainings`
--
ALTER TABLE `trainings`
  MODIFY `id` bigint(20) UNSIGNED NOT NULL AUTO_INCREMENT, AUTO_INCREMENT=7;

--
-- AUTO_INCREMENT for table `upload_files`
--
ALTER TABLE `upload_files`
  MODIFY `id` bigint(20) UNSIGNED NOT NULL AUTO_INCREMENT, AUTO_INCREMENT=36;

--
-- AUTO_INCREMENT for table `users`
--
ALTER TABLE `users`
  MODIFY `id` bigint(20) UNSIGNED NOT NULL AUTO_INCREMENT, AUTO_INCREMENT=24;

--
-- AUTO_INCREMENT for table `wages_and_benefits`
--
ALTER TABLE `wages_and_benefits`
  MODIFY `id` bigint(20) UNSIGNED NOT NULL AUTO_INCREMENT, AUTO_INCREMENT=6;

--
-- Constraints for dumped tables
--

--
-- Constraints for table `model_has_permissions`
--
ALTER TABLE `model_has_permissions`
  ADD CONSTRAINT `model_has_permissions_permission_id_foreign` FOREIGN KEY (`permission_id`) REFERENCES `permissions` (`id`) ON DELETE CASCADE;

--
-- Constraints for table `model_has_roles`
--
ALTER TABLE `model_has_roles`
  ADD CONSTRAINT `model_has_roles_role_id_foreign` FOREIGN KEY (`role_id`) REFERENCES `roles` (`id`) ON DELETE CASCADE;

--
-- Constraints for table `role_has_permissions`
--
ALTER TABLE `role_has_permissions`
  ADD CONSTRAINT `role_has_permissions_permission_id_foreign` FOREIGN KEY (`permission_id`) REFERENCES `permissions` (`id`) ON DELETE CASCADE,
  ADD CONSTRAINT `role_has_permissions_role_id_foreign` FOREIGN KEY (`role_id`) REFERENCES `roles` (`id`) ON DELETE CASCADE;

--
-- Constraints for table `trainings`
--
ALTER TABLE `trainings`
  ADD CONSTRAINT `trainings_user_id_foreign` FOREIGN KEY (`user_id`) REFERENCES `users` (`id`) ON DELETE CASCADE;
COMMIT;

/*!40101 SET CHARACTER_SET_CLIENT=@OLD_CHARACTER_SET_CLIENT */;
/*!40101 SET CHARACTER_SET_RESULTS=@OLD_CHARACTER_SET_RESULTS */;
/*!40101 SET COLLATION_CONNECTION=@OLD_COLLATION_CONNECTION */;
